"day","n","contestant"
2021-07-24,108,"whitemoney"
2021-07-25,393,"whitemoney"
2021-07-26,333,"whitemoney"
2021-07-27,400,"whitemoney"
2021-07-24,3,"maria"
2021-07-25,742,"maria"
2021-07-26,674,"maria"
2021-07-27,1150,"maria"
2021-07-24,62,"pere"
2021-07-25,132,"pere"
2021-07-26,129,"pere"
2021-07-27,73,"pere"
2021-08-03,604,"whitemoney"
2021-08-03,911,"maria"
2021-08-03,417,"pere"
2021-08-03,34,"niyi"
2021-08-03,122,"angel"
2021-08-03,115,"arin"
2021-08-03,62,"boma"
2021-08-03,188,"beatrice"
2021-08-03,94,"cross"
2021-08-03,76,"emmanuel"
2021-08-03,45,"jackie"
2021-08-03,641,"liquorose"
2021-08-03,10,"jaypaul"
2021-08-03,118,"nini"
2021-08-03,53,"peace"
2021-08-03,1,"princess"
2021-08-03,78,"saga"
2021-08-03,44,"sammie"
2021-08-03,40,"saskay"
2021-08-03,43,"tega"
2021-08-03,506,"whitemoney"
2021-08-03,1026,"maria"
2021-08-03,551,"pere"
2021-08-03,18,"niyi"
2021-08-03,134,"angel"
2021-08-03,95,"arin"
2021-08-03,86,"boma"
2021-08-03,142,"beatrice"
2021-08-03,141,"cross"
2021-08-03,174,"emmanuel"
2021-08-03,31,"jackie"
2021-08-03,432,"liquorose"
2021-08-03,10,"jaypaul"
2021-08-03,88,"nini"
2021-08-03,36,"peace"
2021-08-03,8,"princess"
2021-08-03,37,"saga"
2021-08-03,109,"sammie"
2021-08-03,36,"saskay"
2021-08-03,37,"tega"
2021-08-03,465,"whitemoney"
2021-08-03,1164,"maria"
2021-08-03,803,"pere"
2021-08-03,29,"niyi"
2021-08-03,155,"angel"
2021-08-03,113,"arin"
2021-08-03,87,"boma"
2021-08-03,215,"beatrice"
2021-08-03,162,"cross"
2021-08-03,201,"emmanuel"
2021-08-03,68,"jackie"
2021-08-03,537,"liquorose"
2021-08-03,11,"jaypaul"
2021-08-03,72,"nini"
2021-08-03,39,"peace"
2021-08-03,10,"princess"
2021-08-03,48,"saga"
2021-08-03,42,"sammie"
2021-08-03,36,"saskay"
2021-08-03,58,"tega"
2021-08-03,442,"whitemoney"
2021-08-03,1574,"maria"
2021-08-03,862,"pere"
2021-08-03,32,"niyi"
2021-08-03,133,"angel"
2021-08-03,120,"arin"
2021-08-03,49,"boma"
2021-08-03,399,"beatrice"
2021-08-03,168,"cross"
2021-08-03,184,"emmanuel"
2021-08-03,158,"jackie"
2021-08-03,621,"liquorose"
2021-08-03,9,"jaypaul"
2021-08-03,57,"nini"
2021-08-03,39,"peace"
2021-08-03,25,"princess"
2021-08-03,96,"saga"
2021-08-03,45,"sammie"
2021-08-03,60,"saskay"
2021-08-03,82,"tega"
2021-08-03,617,"whitemoney"
2021-08-03,1025,"maria"
2021-08-03,492,"pere"
2021-08-03,61,"niyi"
2021-08-03,147,"angel"
2021-08-03,99,"arin"
2021-08-03,41,"boma"
2021-08-03,191,"beatrice"
2021-08-03,544,"cross"
2021-08-03,152,"emmanuel"
2021-08-03,105,"jackie"
2021-08-03,483,"liquorose"
2021-08-03,4,"jaypaul"
2021-08-03,143,"nini"
2021-08-03,35,"peace"
2021-08-03,9,"princess"
2021-08-03,463,"saga"
2021-08-03,31,"sammie"
2021-08-03,53,"saskay"
2021-08-03,17,"tega"
2021-08-03,1158,"whitemoney"
2021-08-03,684,"maria"
2021-08-03,406,"pere"
2021-08-03,74,"niyi"
2021-08-03,124,"angel"
2021-08-03,151,"arin"
2021-08-03,96,"boma"
2021-08-03,776,"beatrice"
2021-08-03,779,"cross"
2021-08-03,73,"emmanuel"
2021-08-03,33,"jackie"
2021-08-03,250,"liquorose"
2021-08-03,13,"jaypaul"
2021-08-03,70,"nini"
2021-08-03,22,"peace"
2021-08-03,6,"princess"
2021-08-03,117,"saga"
2021-08-03,43,"sammie"
2021-08-03,393,"saskay"
2021-08-03,16,"tega"
2021-08-03,1043,"whitemoney"
2021-08-03,1409,"maria"
2021-08-03,555,"pere"
2021-08-03,62,"niyi"
2021-08-03,92,"angel"
2021-08-03,537,"arin"
2021-08-03,216,"boma"
2021-08-03,246,"beatrice"
2021-08-03,430,"cross"
2021-08-03,74,"emmanuel"
2021-08-03,224,"jackie"
2021-08-03,193,"liquorose"
2021-08-03,34,"jaypaul"
2021-08-03,48,"nini"
2021-08-03,18,"peace"
2021-08-03,5,"princess"
2021-08-03,95,"saga"
2021-08-03,36,"sammie"
2021-08-03,72,"saskay"
2021-08-03,11,"tega"
2021-08-03,728,"whitemoney"
2021-08-03,1197,"maria"
2021-08-03,1065,"pere"
2021-08-03,47,"niyi"
2021-08-03,88,"angel"
2021-08-03,244,"arin"
2021-08-03,387,"boma"
2021-08-03,138,"beatrice"
2021-08-03,153,"cross"
2021-08-03,74,"emmanuel"
2021-08-03,747,"jackie"
2021-08-03,315,"liquorose"
2021-08-03,56,"jaypaul"
2021-08-03,57,"nini"
2021-08-03,82,"peace"
2021-08-03,16,"princess"
2021-08-03,93,"saga"
2021-08-03,23,"sammie"
2021-08-03,46,"saskay"
2021-08-03,55,"tega"
2021-08-03,692,"whitemoney"
2021-08-03,736,"maria"
2021-08-03,548,"pere"
2021-08-03,91,"niyi"
2021-08-03,181,"angel"
2021-08-03,228,"arin"
2021-08-03,258,"boma"
2021-08-03,201,"beatrice"
2021-08-03,150,"cross"
2021-08-03,77,"emmanuel"
2021-08-03,155,"jackie"
2021-08-03,406,"liquorose"
2021-08-03,45,"jaypaul"
2021-08-03,127,"nini"
2021-08-03,315,"peace"
2021-08-03,7,"princess"
2021-08-03,331,"saga"
2021-08-03,126,"sammie"
2021-08-03,51,"saskay"
2021-08-03,221,"tega"
2021-08-03,630,"whitemoney"
2021-08-03,556,"maria"
2021-08-03,284,"pere"
2021-08-03,37,"niyi"
2021-08-03,229,"angel"
2021-08-03,114,"arin"
2021-08-03,169,"boma"
2021-08-03,169,"beatrice"
2021-08-03,85,"cross"
2021-08-03,480,"emmanuel"
2021-08-03,57,"jackie"
2021-08-03,1013,"liquorose"
2021-08-03,22,"jaypaul"
2021-08-03,129,"nini"
2021-08-03,29,"peace"
2021-08-03,55,"princess"
2021-08-03,413,"saga"
2021-08-03,32,"sammie"
2021-08-03,72,"saskay"
2021-08-03,41,"tega"
2021-08-03,1290,"whitemoney"
2021-08-03,388,"maria"
2021-08-03,333,"pere"
2021-08-03,45,"niyi"
2021-08-03,258,"angel"
2021-08-03,94,"arin"
2021-08-03,112,"boma"
2021-08-03,65,"beatrice"
2021-08-03,88,"cross"
2021-08-03,190,"emmanuel"
2021-08-03,41,"jackie"
2021-08-03,680,"liquorose"
2021-08-03,14,"jaypaul"
2021-08-03,46,"nini"
2021-08-03,31,"peace"
2021-08-03,6,"princess"
2021-08-03,87,"saga"
2021-08-03,44,"sammie"
2021-08-03,43,"saskay"
2021-08-03,20,"tega"
2021-08-03,880,"whitemoney"
2021-08-03,855,"maria"
2021-08-03,776,"pere"
2021-08-03,62,"niyi"
2021-08-03,166,"angel"
2021-08-03,110,"arin"
2021-08-03,436,"boma"
2021-08-03,212,"beatrice"
2021-08-03,126,"cross"
2021-08-03,130,"emmanuel"
2021-08-03,144,"jackie"
2021-08-03,436,"liquorose"
2021-08-03,11,"jaypaul"
2021-08-03,83,"nini"
2021-08-03,34,"peace"
2021-08-03,14,"princess"
2021-08-03,84,"saga"
2021-08-03,42,"sammie"
2021-08-03,55,"saskay"
2021-08-03,23,"tega"
2021-08-03,492,"whitemoney"
2021-08-03,938,"maria"
2021-08-03,980,"pere"
2021-08-03,37,"niyi"
2021-08-03,151,"angel"
2021-08-03,88,"arin"
2021-08-03,453,"boma"
2021-08-03,795,"beatrice"
2021-08-03,125,"cross"
2021-08-03,197,"emmanuel"
2021-08-03,102,"jackie"
2021-08-03,432,"liquorose"
2021-08-03,83,"jaypaul"
2021-08-03,112,"nini"
2021-08-03,20,"peace"
2021-08-03,66,"princess"
2021-08-03,100,"saga"
2021-08-03,43,"sammie"
2021-08-03,102,"saskay"
2021-08-03,68,"tega"
2021-08-03,870,"whitemoney"
2021-08-03,522,"maria"
2021-08-03,751,"pere"
2021-08-03,79,"niyi"
2021-08-03,147,"angel"
2021-08-03,201,"arin"
2021-08-03,97,"boma"
2021-08-03,984,"beatrice"
2021-08-03,106,"cross"
2021-08-03,215,"emmanuel"
2021-08-03,125,"jackie"
2021-08-03,230,"liquorose"
2021-08-03,157,"jaypaul"
2021-08-03,60,"nini"
2021-08-03,65,"peace"
2021-08-03,95,"princess"
2021-08-03,152,"saga"
2021-08-03,49,"sammie"
2021-08-03,125,"saskay"
2021-08-03,32,"tega"
2021-08-03,638,"whitemoney"
2021-08-03,428,"maria"
2021-08-03,264,"pere"
2021-08-03,63,"niyi"
2021-08-03,909,"angel"
2021-08-03,474,"arin"
2021-08-03,78,"boma"
2021-08-03,208,"beatrice"
2021-08-03,389,"cross"
2021-08-03,157,"emmanuel"
2021-08-03,258,"jackie"
2021-08-03,677,"liquorose"
2021-08-03,47,"jaypaul"
2021-08-03,220,"nini"
2021-08-03,61,"peace"
2021-08-03,28,"princess"
2021-08-03,187,"saga"
2021-08-03,122,"sammie"
2021-08-03,53,"saskay"
2021-08-03,160,"tega"
2021-08-03,978,"whitemoney"
2021-08-03,239,"maria"
2021-08-03,244,"pere"
2021-08-03,69,"niyi"
2021-08-03,277,"angel"
2021-08-03,753,"arin"
2021-08-03,46,"boma"
2021-08-03,55,"beatrice"
2021-08-03,777,"cross"
2021-08-03,77,"emmanuel"
2021-08-03,310,"jackie"
2021-08-03,463,"liquorose"
2021-08-03,38,"jaypaul"
2021-08-03,264,"nini"
2021-08-03,65,"peace"
2021-08-03,15,"princess"
2021-08-03,281,"saga"
2021-08-03,219,"sammie"
2021-08-03,9,"saskay"
2021-08-03,40,"tega"
2021-08-03,88,"whitemoney"
2021-08-04,424,"whitemoney"
2021-08-03,86,"maria"
2021-08-04,381,"maria"
2021-08-03,48,"pere"
2021-08-04,271,"pere"
2021-08-03,9,"niyi"
2021-08-04,17,"niyi"
2021-08-03,181,"angel"
2021-08-04,515,"angel"
2021-08-03,52,"arin"
2021-08-04,106,"arin"
2021-08-03,11,"boma"
2021-08-04,327,"boma"
2021-08-03,18,"beatrice"
2021-08-04,246,"beatrice"
2021-08-03,25,"cross"
2021-08-04,456,"cross"
2021-08-03,19,"emmanuel"
2021-08-04,147,"emmanuel"
2021-08-03,80,"jackie"
2021-08-04,451,"jackie"
2021-08-03,87,"liquorose"
2021-08-04,379,"liquorose"
2021-08-03,6,"jaypaul"
2021-08-04,23,"jaypaul"
2021-08-03,53,"nini"
2021-08-04,125,"nini"
2021-08-03,14,"peace"
2021-08-04,72,"peace"
2021-08-04,8,"princess"
2021-08-03,95,"saga"
2021-08-04,221,"saga"
2021-08-03,14,"sammie"
2021-08-04,201,"sammie"
2021-08-03,10,"saskay"
2021-08-04,16,"saskay"
2021-08-04,36,"tega"
2021-08-04,515,"whitemoney"
2021-08-04,824,"maria"
2021-08-04,633,"pere"
2021-08-04,21,"niyi"
2021-08-04,633,"angel"
2021-08-04,194,"arin"
2021-08-04,343,"boma"
2021-08-04,278,"beatrice"
2021-08-04,571,"cross"
2021-08-04,195,"emmanuel"
2021-08-04,369,"jackie"
2021-08-04,542,"liquorose"
2021-08-04,54,"jaypaul"
2021-08-04,133,"nini"
2021-08-04,88,"peace"
2021-08-04,28,"princess"
2021-08-04,227,"saga"
2021-08-04,314,"sammie"
2021-08-04,88,"saskay"
2021-08-04,36,"tega"
2021-08-04,514,"whitemoney"
2021-08-04,847,"maria"
2021-08-04,623,"pere"
2021-08-04,17,"niyi"
2021-08-04,645,"angel"
2021-08-04,307,"arin"
2021-08-04,173,"boma"
2021-08-04,273,"beatrice"
2021-08-04,600,"cross"
2021-08-04,185,"emmanuel"
2021-08-04,190,"jackie"
2021-08-04,600,"liquorose"
2021-08-04,69,"jaypaul"
2021-08-04,138,"nini"
2021-08-04,154,"peace"
2021-08-04,29,"princess"
2021-08-04,156,"saga"
2021-08-04,351,"sammie"
2021-08-04,134,"saskay"
2021-08-04,18,"tega"
2021-08-04,522,"whitemoney"
2021-08-04,861,"maria"
2021-08-04,612,"pere"
2021-08-04,18,"niyi"
2021-08-04,635,"angel"
2021-08-04,329,"arin"
2021-08-04,132,"boma"
2021-08-04,270,"beatrice"
2021-08-04,592,"cross"
2021-08-04,178,"emmanuel"
2021-08-04,153,"jackie"
2021-08-04,586,"liquorose"
2021-08-04,71,"jaypaul"
2021-08-04,125,"nini"
2021-08-04,157,"peace"
2021-08-04,29,"princess"
2021-08-04,118,"saga"
2021-08-04,357,"sammie"
2021-08-04,138,"saskay"
2021-08-04,16,"tega"
2021-08-04,519,"whitemoney"
2021-08-04,866,"maria"
2021-08-04,620,"pere"
2021-08-04,20,"niyi"
2021-08-04,630,"angel"
2021-08-04,331,"arin"
2021-08-04,122,"boma"
2021-08-04,254,"beatrice"
2021-08-04,539,"cross"
2021-08-04,172,"emmanuel"
2021-08-04,138,"jackie"
2021-08-04,576,"liquorose"
2021-08-04,80,"jaypaul"
2021-08-04,105,"nini"
2021-08-04,159,"peace"
2021-08-04,30,"princess"
2021-08-04,106,"saga"
2021-08-04,360,"sammie"
2021-08-04,145,"saskay"
2021-08-04,17,"tega"
2021-08-04,538,"whitemoney"
2021-08-04,904,"maria"
2021-08-04,648,"pere"
2021-08-04,21,"niyi"
2021-08-04,532,"angel"
2021-08-04,323,"arin"
2021-08-04,113,"boma"
2021-08-04,173,"beatrice"
2021-08-04,381,"cross"
2021-08-04,166,"emmanuel"
2021-08-04,117,"jackie"
2021-08-04,588,"liquorose"
2021-08-04,90,"jaypaul"
2021-08-04,86,"nini"
2021-08-04,137,"peace"
2021-08-04,29,"princess"
2021-08-04,100,"saga"
2021-08-04,298,"sammie"
2021-08-04,147,"saskay"
2021-08-04,19,"tega"
2021-08-04,466,"whitemoney"
2021-08-04,780,"maria"
2021-08-04,553,"pere"
2021-08-04,22,"niyi"
2021-08-04,414,"angel"
2021-08-04,314,"arin"
2021-08-04,101,"boma"
2021-08-04,155,"beatrice"
2021-08-04,324,"cross"
2021-08-04,161,"emmanuel"
2021-08-04,100,"jackie"
2021-08-04,577,"liquorose"
2021-08-04,84,"jaypaul"
2021-08-04,102,"nini"
2021-08-04,108,"peace"
2021-08-04,27,"princess"
2021-08-04,123,"saga"
2021-08-04,202,"sammie"
2021-08-04,152,"saskay"
2021-08-04,22,"tega"
2021-08-04,486,"whitemoney"
2021-08-04,557,"maria"
2021-08-04,335,"pere"
2021-08-04,40,"niyi"
2021-08-04,301,"angel"
2021-08-04,137,"arin"
2021-08-04,129,"boma"
2021-08-04,235,"beatrice"
2021-08-04,153,"cross"
2021-08-04,90,"emmanuel"
2021-08-04,101,"jackie"
2021-08-04,561,"liquorose"
2021-08-04,53,"jaypaul"
2021-08-04,120,"nini"
2021-08-04,48,"peace"
2021-08-04,10,"princess"
2021-08-04,91,"saga"
2021-08-04,82,"sammie"
2021-08-04,67,"saskay"
2021-08-04,24,"tega"
2021-08-04,474,"whitemoney"
2021-08-04,525,"maria"
2021-08-04,413,"pere"
2021-08-04,41,"niyi"
2021-08-04,299,"angel"
2021-08-04,126,"arin"
2021-08-04,238,"boma"
2021-08-04,297,"beatrice"
2021-08-04,101,"cross"
2021-08-04,108,"emmanuel"
2021-08-04,98,"jackie"
2021-08-04,465,"liquorose"
2021-08-04,30,"jaypaul"
2021-08-04,117,"nini"
2021-08-04,41,"peace"
2021-08-04,13,"princess"
2021-08-04,64,"saga"
2021-08-04,89,"sammie"
2021-08-04,35,"saskay"
2021-08-04,19,"tega"
2021-08-04,534,"whitemoney"
2021-08-04,693,"maria"
2021-08-04,615,"pere"
2021-08-04,39,"niyi"
2021-08-04,390,"angel"
2021-08-04,142,"arin"
2021-08-04,368,"boma"
2021-08-04,314,"beatrice"
2021-08-04,144,"cross"
2021-08-04,153,"emmanuel"
2021-08-04,86,"jackie"
2021-08-04,348,"liquorose"
2021-08-04,30,"jaypaul"
2021-08-04,141,"nini"
2021-08-04,186,"peace"
2021-08-04,10,"princess"
2021-08-04,105,"saga"
2021-08-04,256,"sammie"
2021-08-04,40,"saskay"
2021-08-04,24,"tega"
2021-08-04,348,"whitemoney"
2021-08-04,904,"maria"
2021-08-04,1310,"pere"
2021-08-04,59,"niyi"
2021-08-04,311,"angel"
2021-08-04,145,"arin"
2021-08-04,337,"boma"
2021-08-04,161,"beatrice"
2021-08-04,170,"cross"
2021-08-04,687,"emmanuel"
2021-08-04,51,"jackie"
2021-08-04,919,"liquorose"
2021-08-04,26,"jaypaul"
2021-08-04,158,"nini"
2021-08-04,138,"peace"
2021-08-04,15,"princess"
2021-08-04,167,"saga"
2021-08-04,210,"sammie"
2021-08-04,23,"saskay"
2021-08-04,32,"tega"
2021-08-04,342,"whitemoney"
2021-08-04,1129,"maria"
2021-08-04,2844,"pere"
2021-08-04,8,"niyi"
2021-08-04,280,"angel"
2021-08-04,85,"arin"
2021-08-04,106,"boma"
2021-08-04,81,"beatrice"
2021-08-04,170,"cross"
2021-08-04,1125,"emmanuel"
2021-08-04,50,"jackie"
2021-08-04,826,"liquorose"
2021-08-04,11,"jaypaul"
2021-08-04,285,"nini"
2021-08-04,110,"peace"
2021-08-04,10,"princess"
2021-08-04,256,"saga"
2021-08-04,182,"sammie"
2021-08-04,35,"saskay"
2021-08-04,206,"tega"
2021-08-04,440,"whitemoney"
2021-08-04,844,"maria"
2021-08-04,1630,"pere"
2021-08-04,16,"niyi"
2021-08-04,298,"angel"
2021-08-04,129,"arin"
2021-08-04,87,"boma"
2021-08-04,95,"beatrice"
2021-08-04,187,"cross"
2021-08-04,714,"emmanuel"
2021-08-04,67,"jackie"
2021-08-04,622,"liquorose"
2021-08-04,12,"jaypaul"
2021-08-04,362,"nini"
2021-08-04,117,"peace"
2021-08-04,12,"princess"
2021-08-04,328,"saga"
2021-08-04,178,"sammie"
2021-08-04,34,"saskay"
2021-08-04,198,"tega"
2021-08-04,326,"whitemoney"
2021-08-04,710,"maria"
2021-08-04,816,"pere"
2021-08-04,14,"niyi"
2021-08-04,303,"angel"
2021-08-04,196,"arin"
2021-08-04,130,"boma"
2021-08-04,306,"beatrice"
2021-08-04,122,"cross"
2021-08-04,787,"emmanuel"
2021-08-04,141,"jackie"
2021-08-04,996,"liquorose"
2021-08-04,15,"jaypaul"
2021-08-04,298,"nini"
2021-08-04,54,"peace"
2021-08-04,13,"princess"
2021-08-04,292,"saga"
2021-08-04,212,"sammie"
2021-08-04,30,"saskay"
2021-08-04,25,"tega"
2021-08-04,336,"whitemoney"
2021-08-04,530,"maria"
2021-08-04,442,"pere"
2021-08-04,25,"niyi"
2021-08-04,284,"angel"
2021-08-04,224,"arin"
2021-08-04,219,"boma"
2021-08-04,307,"beatrice"
2021-08-04,572,"cross"
2021-08-04,338,"emmanuel"
2021-08-04,143,"jackie"
2021-08-04,655,"liquorose"
2021-08-04,40,"jaypaul"
2021-08-04,373,"nini"
2021-08-04,295,"peace"
2021-08-04,30,"princess"
2021-08-04,430,"saga"
2021-08-04,112,"sammie"
2021-08-04,81,"saskay"
2021-08-04,59,"tega"
2021-08-04,366,"whitemoney"
2021-08-04,381,"maria"
2021-08-04,409,"pere"
2021-08-04,56,"niyi"
2021-08-04,188,"angel"
2021-08-04,121,"arin"
2021-08-04,372,"boma"
2021-08-04,104,"beatrice"
2021-08-04,623,"cross"
2021-08-04,207,"emmanuel"
2021-08-04,71,"jackie"
2021-08-04,384,"liquorose"
2021-08-04,21,"jaypaul"
2021-08-04,509,"nini"
2021-08-04,401,"peace"
2021-08-04,23,"princess"
2021-08-04,490,"saga"
2021-08-04,74,"sammie"
2021-08-04,188,"saskay"
2021-08-04,56,"tega"
2021-08-04,357,"whitemoney"
2021-08-04,373,"maria"
2021-08-04,447,"pere"
2021-08-04,52,"niyi"
2021-08-04,172,"angel"
2021-08-04,108,"arin"
2021-08-04,326,"boma"
2021-08-04,95,"beatrice"
2021-08-04,326,"cross"
2021-08-04,176,"emmanuel"
2021-08-04,68,"jackie"
2021-08-04,381,"liquorose"
2021-08-04,9,"jaypaul"
2021-08-04,442,"nini"
2021-08-04,233,"peace"
2021-08-04,23,"princess"
2021-08-04,407,"saga"
2021-08-04,76,"sammie"
2021-08-04,257,"saskay"
2021-08-04,40,"tega"
2021-08-04,413,"whitemoney"
2021-08-04,391,"maria"
2021-08-04,436,"pere"
2021-08-04,40,"niyi"
2021-08-04,152,"angel"
2021-08-04,104,"arin"
2021-08-04,209,"boma"
2021-08-04,103,"beatrice"
2021-08-04,237,"cross"
2021-08-04,177,"emmanuel"
2021-08-04,66,"jackie"
2021-08-04,387,"liquorose"
2021-08-04,8,"jaypaul"
2021-08-04,241,"nini"
2021-08-04,84,"peace"
2021-08-04,24,"princess"
2021-08-04,303,"saga"
2021-08-04,62,"sammie"
2021-08-04,205,"saskay"
2021-08-04,35,"tega"
2021-08-04,457,"whitemoney"
2021-08-04,424,"maria"
2021-08-04,442,"pere"
2021-08-04,49,"niyi"
2021-08-04,139,"angel"
2021-08-04,245,"arin"
2021-08-04,95,"boma"
2021-08-04,89,"beatrice"
2021-08-04,216,"cross"
2021-08-04,196,"emmanuel"
2021-08-04,66,"jackie"
2021-08-04,404,"liquorose"
2021-08-04,12,"jaypaul"
2021-08-04,185,"nini"
2021-08-04,49,"peace"
2021-08-04,23,"princess"
2021-08-04,300,"saga"
2021-08-04,78,"sammie"
2021-08-04,175,"saskay"
2021-08-04,33,"tega"
2021-08-04,330,"whitemoney"
2021-08-04,739,"maria"
2021-08-04,265,"pere"
2021-08-04,36,"niyi"
2021-08-04,1347,"angel"
2021-08-04,1100,"arin"
2021-08-04,68,"boma"
2021-08-04,114,"beatrice"
2021-08-04,122,"cross"
2021-08-04,119,"emmanuel"
2021-08-04,52,"jackie"
2021-08-04,237,"liquorose"
2021-08-04,12,"jaypaul"
2021-08-04,152,"nini"
2021-08-04,35,"peace"
2021-08-04,24,"princess"
2021-08-04,278,"saga"
2021-08-04,104,"sammie"
2021-08-04,67,"saskay"
2021-08-04,19,"tega"
2021-08-04,297,"whitemoney"
2021-08-04,1821,"maria"
2021-08-04,1126,"pere"
2021-08-04,69,"niyi"
2021-08-04,465,"angel"
2021-08-04,261,"arin"
2021-08-04,32,"boma"
2021-08-04,85,"beatrice"
2021-08-04,187,"cross"
2021-08-04,172,"emmanuel"
2021-08-04,94,"jackie"
2021-08-04,369,"liquorose"
2021-08-04,12,"jaypaul"
2021-08-04,101,"nini"
2021-08-04,22,"peace"
2021-08-04,75,"princess"
2021-08-04,84,"saga"
2021-08-04,60,"sammie"
2021-08-04,46,"saskay"
2021-08-04,36,"tega"
2021-08-04,383,"whitemoney"
2021-08-04,1440,"maria"
2021-08-04,1037,"pere"
2021-08-04,45,"niyi"
2021-08-04,289,"angel"
2021-08-04,181,"arin"
2021-08-04,33,"boma"
2021-08-04,77,"beatrice"
2021-08-04,219,"cross"
2021-08-04,203,"emmanuel"
2021-08-04,84,"jackie"
2021-08-04,451,"liquorose"
2021-08-04,23,"jaypaul"
2021-08-04,83,"nini"
2021-08-04,33,"peace"
2021-08-04,94,"princess"
2021-08-04,57,"saga"
2021-08-04,75,"sammie"
2021-08-04,41,"saskay"
2021-08-04,45,"tega"
2021-08-04,474,"whitemoney"
2021-08-04,1047,"maria"
2021-08-04,769,"pere"
2021-08-04,36,"niyi"
2021-08-04,277,"angel"
2021-08-04,327,"arin"
2021-08-04,98,"boma"
2021-08-04,87,"beatrice"
2021-08-04,238,"cross"
2021-08-04,388,"emmanuel"
2021-08-04,94,"jackie"
2021-08-04,541,"liquorose"
2021-08-04,28,"jaypaul"
2021-08-04,72,"nini"
2021-08-04,34,"peace"
2021-08-04,46,"princess"
2021-08-04,71,"saga"
2021-08-04,94,"sammie"
2021-08-04,45,"saskay"
2021-08-04,25,"tega"
2021-08-04,348,"whitemoney"
2021-08-05,56,"whitemoney"
2021-08-04,522,"maria"
2021-08-05,122,"maria"
2021-08-04,386,"pere"
2021-08-05,39,"pere"
2021-08-04,41,"niyi"
2021-08-05,6,"niyi"
2021-08-04,225,"angel"
2021-08-05,171,"angel"
2021-08-04,447,"arin"
2021-08-05,60,"arin"
2021-08-04,307,"boma"
2021-08-05,36,"boma"
2021-08-04,236,"beatrice"
2021-08-05,228,"beatrice"
2021-08-04,110,"cross"
2021-08-05,33,"cross"
2021-08-04,345,"emmanuel"
2021-08-05,47,"emmanuel"
2021-08-04,96,"jackie"
2021-08-05,8,"jackie"
2021-08-04,488,"liquorose"
2021-08-05,81,"liquorose"
2021-08-04,33,"jaypaul"
2021-08-05,6,"jaypaul"
2021-08-04,75,"nini"
2021-08-05,39,"nini"
2021-08-04,29,"peace"
2021-08-05,8,"peace"
2021-08-04,48,"princess"
2021-08-05,4,"princess"
2021-08-04,169,"saga"
2021-08-05,20,"saga"
2021-08-04,76,"sammie"
2021-08-05,11,"sammie"
2021-08-04,78,"saskay"
2021-08-05,13,"saskay"
2021-08-04,29,"tega"
2021-08-05,1,"tega"
2021-08-04,332,"whitemoney"
2021-08-05,73,"whitemoney"
2021-08-04,476,"maria"
2021-08-05,146,"maria"
2021-08-04,348,"pere"
2021-08-05,68,"pere"
2021-08-04,38,"niyi"
2021-08-05,11,"niyi"
2021-08-04,212,"angel"
2021-08-05,192,"angel"
2021-08-04,436,"arin"
2021-08-05,73,"arin"
2021-08-04,302,"boma"
2021-08-05,40,"boma"
2021-08-04,229,"beatrice"
2021-08-05,246,"beatrice"
2021-08-04,100,"cross"
2021-08-05,44,"cross"
2021-08-04,336,"emmanuel"
2021-08-05,61,"emmanuel"
2021-08-04,94,"jackie"
2021-08-05,11,"jackie"
2021-08-04,463,"liquorose"
2021-08-05,108,"liquorose"
2021-08-04,30,"jaypaul"
2021-08-05,7,"jaypaul"
2021-08-04,72,"nini"
2021-08-05,42,"nini"
2021-08-04,28,"peace"
2021-08-05,6,"peace"
2021-08-04,47,"princess"
2021-08-05,2,"princess"
2021-08-04,168,"saga"
2021-08-05,22,"saga"
2021-08-04,75,"sammie"
2021-08-05,15,"sammie"
2021-08-04,78,"saskay"
2021-08-05,17,"saskay"
2021-08-04,28,"tega"
2021-08-05,4,"tega"
2021-08-04,322,"whitemoney"
2021-08-05,86,"whitemoney"
2021-08-04,443,"maria"
2021-08-05,172,"maria"
2021-08-04,324,"pere"
2021-08-05,98,"pere"
2021-08-04,38,"niyi"
2021-08-05,12,"niyi"
2021-08-04,202,"angel"
2021-08-05,204,"angel"
2021-08-04,428,"arin"
2021-08-05,77,"arin"
2021-08-04,300,"boma"
2021-08-05,45,"boma"
2021-08-04,225,"beatrice"
2021-08-05,253,"beatrice"
2021-08-04,98,"cross"
2021-08-05,49,"cross"
2021-08-04,326,"emmanuel"
2021-08-05,75,"emmanuel"
2021-08-04,90,"jackie"
2021-08-05,15,"jackie"
2021-08-04,448,"liquorose"
2021-08-05,136,"liquorose"
2021-08-04,28,"jaypaul"
2021-08-05,8,"jaypaul"
2021-08-04,67,"nini"
2021-08-05,45,"nini"
2021-08-04,28,"peace"
2021-08-05,7,"peace"
2021-08-04,45,"princess"
2021-08-05,4,"princess"
2021-08-04,163,"saga"
2021-08-05,27,"saga"
2021-08-04,73,"sammie"
2021-08-05,17,"sammie"
2021-08-04,75,"saskay"
2021-08-05,20,"saskay"
2021-08-04,26,"tega"
2021-08-05,5,"tega"
2021-08-04,296,"whitemoney"
2021-08-05,102,"whitemoney"
2021-08-04,428,"maria"
2021-08-05,195,"maria"
2021-08-04,308,"pere"
2021-08-05,116,"pere"
2021-08-04,37,"niyi"
2021-08-05,12,"niyi"
2021-08-04,189,"angel"
2021-08-05,224,"angel"
2021-08-04,419,"arin"
2021-08-05,86,"arin"
2021-08-04,298,"boma"
2021-08-05,51,"boma"
2021-08-04,222,"beatrice"
2021-08-05,256,"beatrice"
2021-08-04,94,"cross"
2021-08-05,55,"cross"
2021-08-04,316,"emmanuel"
2021-08-05,82,"emmanuel"
2021-08-04,83,"jackie"
2021-08-05,15,"jackie"
2021-08-04,434,"liquorose"
2021-08-05,152,"liquorose"
2021-08-04,25,"jaypaul"
2021-08-05,10,"jaypaul"
2021-08-04,61,"nini"
2021-08-05,48,"nini"
2021-08-04,25,"peace"
2021-08-05,9,"peace"
2021-08-04,35,"princess"
2021-08-05,5,"princess"
2021-08-04,162,"saga"
2021-08-05,33,"saga"
2021-08-04,69,"sammie"
2021-08-05,19,"sammie"
2021-08-04,71,"saskay"
2021-08-05,35,"saskay"
2021-08-04,23,"tega"
2021-08-05,5,"tega"
2021-08-04,262,"whitemoney"
2021-08-05,113,"whitemoney"
2021-08-04,370,"maria"
2021-08-05,244,"maria"
2021-08-04,283,"pere"
2021-08-05,162,"pere"
2021-08-04,34,"niyi"
2021-08-05,13,"niyi"
2021-08-04,171,"angel"
2021-08-05,249,"angel"
2021-08-04,407,"arin"
2021-08-05,98,"arin"
2021-08-04,291,"boma"
2021-08-05,59,"boma"
2021-08-04,218,"beatrice"
2021-08-05,265,"beatrice"
2021-08-04,77,"cross"
2021-08-05,64,"cross"
2021-08-04,303,"emmanuel"
2021-08-05,89,"emmanuel"
2021-08-04,79,"jackie"
2021-08-05,17,"jackie"
2021-08-04,409,"liquorose"
2021-08-05,172,"liquorose"
2021-08-04,23,"jaypaul"
2021-08-05,11,"jaypaul"
2021-08-04,55,"nini"
2021-08-05,52,"nini"
2021-08-04,21,"peace"
2021-08-05,11,"peace"
2021-08-04,35,"princess"
2021-08-05,5,"princess"
2021-08-04,156,"saga"
2021-08-05,36,"saga"
2021-08-04,59,"sammie"
2021-08-05,20,"sammie"
2021-08-04,67,"saskay"
2021-08-05,39,"saskay"
2021-08-04,21,"tega"
2021-08-05,11,"tega"
2021-08-04,222,"whitemoney"
2021-08-05,152,"whitemoney"
2021-08-04,312,"maria"
2021-08-05,314,"maria"
2021-08-04,232,"pere"
2021-08-05,254,"pere"
2021-08-04,31,"niyi"
2021-08-05,14,"niyi"
2021-08-04,138,"angel"
2021-08-05,265,"angel"
2021-08-04,385,"arin"
2021-08-05,107,"arin"
2021-08-04,283,"boma"
2021-08-05,69,"boma"
2021-08-04,210,"beatrice"
2021-08-05,276,"beatrice"
2021-08-04,62,"cross"
2021-08-05,77,"cross"
2021-08-04,278,"emmanuel"
2021-08-05,114,"emmanuel"
2021-08-04,74,"jackie"
2021-08-05,20,"jackie"
2021-08-04,353,"liquorose"
2021-08-05,227,"liquorose"
2021-08-04,21,"jaypaul"
2021-08-05,12,"jaypaul"
2021-08-04,53,"nini"
2021-08-05,61,"nini"
2021-08-04,15,"peace"
2021-08-05,13,"peace"
2021-08-04,30,"princess"
2021-08-05,7,"princess"
2021-08-04,149,"saga"
2021-08-05,40,"saga"
2021-08-04,43,"sammie"
2021-08-05,25,"sammie"
2021-08-04,62,"saskay"
2021-08-05,40,"saskay"
2021-08-04,18,"tega"
2021-08-05,13,"tega"
2021-08-04,93,"whitemoney"
2021-08-05,214,"whitemoney"
2021-08-04,204,"maria"
2021-08-05,394,"maria"
2021-08-04,169,"pere"
2021-08-05,322,"pere"
2021-08-04,27,"niyi"
2021-08-05,16,"niyi"
2021-08-04,89,"angel"
2021-08-05,295,"angel"
2021-08-04,338,"arin"
2021-08-05,129,"arin"
2021-08-04,264,"boma"
2021-08-05,90,"boma"
2021-08-04,191,"beatrice"
2021-08-05,315,"beatrice"
2021-08-04,40,"cross"
2021-08-05,93,"cross"
2021-08-04,159,"emmanuel"
2021-08-05,144,"emmanuel"
2021-08-04,41,"jackie"
2021-08-05,35,"jackie"
2021-08-04,179,"liquorose"
2021-08-05,379,"liquorose"
2021-08-04,14,"jaypaul"
2021-08-05,13,"jaypaul"
2021-08-04,46,"nini"
2021-08-05,89,"nini"
2021-08-04,5,"peace"
2021-08-05,18,"peace"
2021-08-04,22,"princess"
2021-08-05,13,"princess"
2021-08-04,131,"saga"
2021-08-05,49,"saga"
2021-08-04,8,"sammie"
2021-08-05,34,"sammie"
2021-08-04,44,"saskay"
2021-08-05,43,"saskay"
2021-08-04,13,"tega"
2021-08-05,40,"tega"
2021-08-05,360,"whitemoney"
2021-08-05,508,"maria"
2021-08-05,388,"pere"
2021-08-05,116,"niyi"
2021-08-05,310,"angel"
2021-08-05,125,"arin"
2021-08-05,89,"boma"
2021-08-05,332,"beatrice"
2021-08-05,257,"cross"
2021-08-05,188,"emmanuel"
2021-08-05,43,"jackie"
2021-08-05,563,"liquorose"
2021-08-05,15,"jaypaul"
2021-08-05,113,"nini"
2021-08-05,30,"peace"
2021-08-05,52,"princess"
2021-08-05,62,"saga"
2021-08-05,49,"sammie"
2021-08-05,48,"saskay"
2021-08-05,46,"tega"
2021-08-05,294,"whitemoney"
2021-08-05,492,"maria"
2021-08-05,312,"pere"
2021-08-05,163,"niyi"
2021-08-05,143,"angel"
2021-08-05,141,"arin"
2021-08-05,133,"boma"
2021-08-05,115,"beatrice"
2021-08-05,277,"cross"
2021-08-05,147,"emmanuel"
2021-08-05,35,"jackie"
2021-08-05,691,"liquorose"
2021-08-05,11,"jaypaul"
2021-08-05,144,"nini"
2021-08-05,35,"peace"
2021-08-05,60,"princess"
2021-08-05,176,"saga"
2021-08-05,70,"sammie"
2021-08-05,24,"saskay"
2021-08-05,19,"tega"
2021-08-05,288,"whitemoney"
2021-08-05,768,"maria"
2021-08-05,579,"pere"
2021-08-05,50,"niyi"
2021-08-05,111,"angel"
2021-08-05,119,"arin"
2021-08-05,149,"boma"
2021-08-05,257,"beatrice"
2021-08-05,157,"cross"
2021-08-05,127,"emmanuel"
2021-08-05,37,"jackie"
2021-08-05,707,"liquorose"
2021-08-05,12,"jaypaul"
2021-08-05,102,"nini"
2021-08-05,37,"peace"
2021-08-05,20,"princess"
2021-08-05,115,"saga"
2021-08-05,41,"sammie"
2021-08-05,28,"saskay"
2021-08-05,23,"tega"
2021-08-05,415,"whitemoney"
2021-08-05,1538,"maria"
2021-08-05,603,"pere"
2021-08-05,34,"niyi"
2021-08-05,70,"angel"
2021-08-05,204,"arin"
2021-08-05,418,"boma"
2021-08-05,233,"beatrice"
2021-08-05,99,"cross"
2021-08-05,118,"emmanuel"
2021-08-05,20,"jackie"
2021-08-05,397,"liquorose"
2021-08-05,11,"jaypaul"
2021-08-05,100,"nini"
2021-08-05,44,"peace"
2021-08-05,17,"princess"
2021-08-05,126,"saga"
2021-08-05,7,"sammie"
2021-08-05,76,"saskay"
2021-08-05,17,"tega"
2021-08-05,524,"whitemoney"
2021-08-05,1244,"maria"
2021-08-05,284,"pere"
2021-08-05,125,"niyi"
2021-08-05,119,"angel"
2021-08-05,274,"arin"
2021-08-05,237,"boma"
2021-08-05,346,"beatrice"
2021-08-05,168,"cross"
2021-08-05,179,"emmanuel"
2021-08-05,147,"jackie"
2021-08-05,444,"liquorose"
2021-08-05,11,"jaypaul"
2021-08-05,60,"nini"
2021-08-05,62,"peace"
2021-08-05,34,"princess"
2021-08-05,116,"saga"
2021-08-05,39,"sammie"
2021-08-05,30,"saskay"
2021-08-05,34,"tega"
2021-08-05,643,"whitemoney"
2021-08-05,801,"maria"
2021-08-05,231,"pere"
2021-08-05,77,"niyi"
2021-08-05,111,"angel"
2021-08-05,146,"arin"
2021-08-05,111,"boma"
2021-08-05,176,"beatrice"
2021-08-05,174,"cross"
2021-08-05,128,"emmanuel"
2021-08-05,100,"jackie"
2021-08-05,588,"liquorose"
2021-08-05,11,"jaypaul"
2021-08-05,38,"nini"
2021-08-05,63,"peace"
2021-08-05,24,"princess"
2021-08-05,57,"saga"
2021-08-05,135,"sammie"
2021-08-05,20,"saskay"
2021-08-05,26,"tega"
2021-08-05,995,"whitemoney"
2021-08-05,591,"maria"
2021-08-05,237,"pere"
2021-08-05,149,"niyi"
2021-08-05,80,"angel"
2021-08-05,85,"arin"
2021-08-05,105,"boma"
2021-08-05,109,"beatrice"
2021-08-05,185,"cross"
2021-08-05,110,"emmanuel"
2021-08-05,67,"jackie"
2021-08-05,796,"liquorose"
2021-08-05,13,"jaypaul"
2021-08-05,47,"nini"
2021-08-05,49,"peace"
2021-08-05,39,"princess"
2021-08-05,46,"saga"
2021-08-05,227,"sammie"
2021-08-05,22,"saskay"
2021-08-05,15,"tega"
2021-08-05,1079,"whitemoney"
2021-08-05,587,"maria"
2021-08-05,277,"pere"
2021-08-05,149,"niyi"
2021-08-05,91,"angel"
2021-08-05,117,"arin"
2021-08-05,96,"boma"
2021-08-05,128,"beatrice"
2021-08-05,127,"cross"
2021-08-05,79,"emmanuel"
2021-08-05,52,"jackie"
2021-08-05,715,"liquorose"
2021-08-05,16,"jaypaul"
2021-08-05,171,"nini"
2021-08-05,59,"peace"
2021-08-05,39,"princess"
2021-08-05,133,"saga"
2021-08-05,162,"sammie"
2021-08-05,41,"saskay"
2021-08-05,26,"tega"
2021-08-05,545,"whitemoney"
2021-08-05,1577,"maria"
2021-08-05,213,"pere"
2021-08-05,39,"niyi"
2021-08-05,179,"angel"
2021-08-05,584,"arin"
2021-08-05,84,"boma"
2021-08-05,66,"beatrice"
2021-08-05,83,"cross"
2021-08-05,89,"emmanuel"
2021-08-05,121,"jackie"
2021-08-05,561,"liquorose"
2021-08-05,14,"jaypaul"
2021-08-05,309,"nini"
2021-08-05,64,"peace"
2021-08-05,17,"princess"
2021-08-05,294,"saga"
2021-08-05,118,"sammie"
2021-08-05,43,"saskay"
2021-08-05,33,"tega"
2021-08-05,413,"whitemoney"
2021-08-05,1025,"maria"
2021-08-05,186,"pere"
2021-08-05,47,"niyi"
2021-08-05,216,"angel"
2021-08-05,944,"arin"
2021-08-05,97,"boma"
2021-08-05,182,"beatrice"
2021-08-05,90,"cross"
2021-08-05,113,"emmanuel"
2021-08-05,90,"jackie"
2021-08-05,462,"liquorose"
2021-08-05,13,"jaypaul"
2021-08-05,174,"nini"
2021-08-05,51,"peace"
2021-08-05,52,"princess"
2021-08-05,341,"saga"
2021-08-05,44,"sammie"
2021-08-05,37,"saskay"
2021-08-05,19,"tega"
2021-08-05,367,"whitemoney"
2021-08-05,761,"maria"
2021-08-05,161,"pere"
2021-08-05,53,"niyi"
2021-08-05,154,"angel"
2021-08-05,523,"arin"
2021-08-05,186,"boma"
2021-08-05,282,"beatrice"
2021-08-05,140,"cross"
2021-08-05,140,"emmanuel"
2021-08-05,76,"jackie"
2021-08-05,520,"liquorose"
2021-08-05,15,"jaypaul"
2021-08-05,156,"nini"
2021-08-05,51,"peace"
2021-08-05,89,"princess"
2021-08-05,189,"saga"
2021-08-05,71,"sammie"
2021-08-05,71,"saskay"
2021-08-05,31,"tega"
2021-08-05,388,"whitemoney"
2021-08-05,779,"maria"
2021-08-05,154,"pere"
2021-08-05,42,"niyi"
2021-08-05,140,"angel"
2021-08-05,119,"arin"
2021-08-05,311,"boma"
2021-08-05,271,"beatrice"
2021-08-05,154,"cross"
2021-08-05,117,"emmanuel"
2021-08-05,82,"jackie"
2021-08-05,524,"liquorose"
2021-08-05,10,"jaypaul"
2021-08-05,151,"nini"
2021-08-05,50,"peace"
2021-08-05,88,"princess"
2021-08-05,132,"saga"
2021-08-05,106,"sammie"
2021-08-05,92,"saskay"
2021-08-05,41,"tega"
2021-08-05,462,"whitemoney"
2021-08-05,847,"maria"
2021-08-05,181,"pere"
2021-08-05,21,"niyi"
2021-08-05,129,"angel"
2021-08-05,101,"arin"
2021-08-05,183,"boma"
2021-08-05,65,"beatrice"
2021-08-05,227,"cross"
2021-08-05,144,"emmanuel"
2021-08-05,67,"jackie"
2021-08-05,617,"liquorose"
2021-08-05,26,"jaypaul"
2021-08-05,135,"nini"
2021-08-05,60,"peace"
2021-08-05,27,"princess"
2021-08-05,79,"saga"
2021-08-05,30,"sammie"
2021-08-05,101,"saskay"
2021-08-05,38,"tega"
2021-08-05,401,"whitemoney"
2021-08-05,777,"maria"
2021-08-05,226,"pere"
2021-08-05,21,"niyi"
2021-08-05,93,"angel"
2021-08-05,127,"arin"
2021-08-05,113,"boma"
2021-08-05,80,"beatrice"
2021-08-05,243,"cross"
2021-08-05,176,"emmanuel"
2021-08-05,75,"jackie"
2021-08-05,635,"liquorose"
2021-08-05,28,"jaypaul"
2021-08-05,300,"nini"
2021-08-05,120,"peace"
2021-08-05,21,"princess"
2021-08-05,182,"saga"
2021-08-05,35,"sammie"
2021-08-05,142,"saskay"
2021-08-05,37,"tega"
2021-08-05,684,"whitemoney"
2021-08-05,686,"maria"
2021-08-05,241,"pere"
2021-08-05,26,"niyi"
2021-08-05,327,"angel"
2021-08-05,248,"arin"
2021-08-05,184,"boma"
2021-08-05,142,"beatrice"
2021-08-05,194,"cross"
2021-08-05,162,"emmanuel"
2021-08-05,393,"jackie"
2021-08-05,581,"liquorose"
2021-08-05,29,"jaypaul"
2021-08-05,289,"nini"
2021-08-05,71,"peace"
2021-08-05,23,"princess"
2021-08-05,256,"saga"
2021-08-05,189,"sammie"
2021-08-05,144,"saskay"
2021-08-05,103,"tega"
2021-08-05,662,"whitemoney"
2021-08-05,767,"maria"
2021-08-05,491,"pere"
2021-08-05,29,"niyi"
2021-08-05,382,"angel"
2021-08-05,214,"arin"
2021-08-05,99,"boma"
2021-08-05,769,"beatrice"
2021-08-05,216,"cross"
2021-08-05,201,"emmanuel"
2021-08-05,416,"jackie"
2021-08-05,507,"liquorose"
2021-08-05,28,"jaypaul"
2021-08-05,121,"nini"
2021-08-05,88,"peace"
2021-08-05,56,"princess"
2021-08-05,209,"saga"
2021-08-05,251,"sammie"
2021-08-05,151,"saskay"
2021-08-05,149,"tega"
2021-08-05,194,"whitemoney"
2021-08-06,114,"whitemoney"
2021-08-05,336,"maria"
2021-08-06,549,"maria"
2021-08-05,168,"pere"
2021-08-06,1873,"pere"
2021-08-05,22,"niyi"
2021-08-06,2,"niyi"
2021-08-05,286,"angel"
2021-08-06,319,"angel"
2021-08-05,54,"arin"
2021-08-06,75,"arin"
2021-08-05,27,"boma"
2021-08-06,28,"boma"
2021-08-05,117,"beatrice"
2021-08-06,1583,"beatrice"
2021-08-05,126,"cross"
2021-08-06,197,"cross"
2021-08-05,92,"emmanuel"
2021-08-06,399,"emmanuel"
2021-08-05,41,"jackie"
2021-08-06,34,"jackie"
2021-08-05,137,"liquorose"
2021-08-06,482,"liquorose"
2021-08-05,8,"jaypaul"
2021-08-06,18,"jaypaul"
2021-08-05,51,"nini"
2021-08-06,71,"nini"
2021-08-05,236,"peace"
2021-08-06,55,"peace"
2021-08-05,9,"princess"
2021-08-06,5,"princess"
2021-08-05,53,"saga"
2021-08-06,49,"saga"
2021-08-05,370,"sammie"
2021-08-06,105,"sammie"
2021-08-05,56,"saskay"
2021-08-06,19,"saskay"
2021-08-05,14,"tega"
2021-08-06,10,"tega"
2021-08-06,145,"whitemoney"
2021-08-06,1406,"maria"
2021-08-06,2060,"pere"
2021-08-06,4,"niyi"
2021-08-06,690,"angel"
2021-08-06,175,"arin"
2021-08-06,53,"boma"
2021-08-06,1201,"beatrice"
2021-08-06,387,"cross"
2021-08-06,643,"emmanuel"
2021-08-06,57,"jackie"
2021-08-06,834,"liquorose"
2021-08-06,17,"jaypaul"
2021-08-06,226,"nini"
2021-08-06,85,"peace"
2021-08-06,5,"princess"
2021-08-06,262,"saga"
2021-08-06,205,"sammie"
2021-08-06,43,"saskay"
2021-08-06,14,"tega"
2021-08-06,108,"whitemoney"
2021-08-06,1114,"maria"
2021-08-06,1513,"pere"
2021-08-06,4,"niyi"
2021-08-06,1342,"angel"
2021-08-06,78,"arin"
2021-08-06,55,"boma"
2021-08-06,1323,"beatrice"
2021-08-06,96,"cross"
2021-08-06,479,"emmanuel"
2021-08-06,53,"jackie"
2021-08-06,1196,"liquorose"
2021-08-06,3,"jaypaul"
2021-08-06,55,"nini"
2021-08-06,88,"peace"
2021-08-06,5,"princess"
2021-08-06,110,"saga"
2021-08-06,436,"sammie"
2021-08-06,21,"saskay"
2021-08-06,12,"tega"
2021-08-06,148,"whitemoney"
2021-08-06,804,"maria"
2021-08-06,907,"pere"
2021-08-06,7,"niyi"
2021-08-06,1389,"angel"
2021-08-06,79,"arin"
2021-08-06,58,"boma"
2021-08-06,1136,"beatrice"
2021-08-06,73,"cross"
2021-08-06,509,"emmanuel"
2021-08-06,40,"jackie"
2021-08-06,1369,"liquorose"
2021-08-06,4,"jaypaul"
2021-08-06,41,"nini"
2021-08-06,94,"peace"
2021-08-06,5,"princess"
2021-08-06,70,"saga"
2021-08-06,438,"sammie"
2021-08-06,24,"saskay"
2021-08-06,14,"tega"
2021-08-06,155,"whitemoney"
2021-08-06,674,"maria"
2021-08-06,719,"pere"
2021-08-06,8,"niyi"
2021-08-06,1357,"angel"
2021-08-06,81,"arin"
2021-08-06,65,"boma"
2021-08-06,1052,"beatrice"
2021-08-06,79,"cross"
2021-08-06,472,"emmanuel"
2021-08-06,40,"jackie"
2021-08-06,1447,"liquorose"
2021-08-06,4,"jaypaul"
2021-08-06,46,"nini"
2021-08-06,86,"peace"
2021-08-06,4,"princess"
2021-08-06,72,"saga"
2021-08-06,391,"sammie"
2021-08-06,17,"saskay"
2021-08-06,13,"tega"
2021-08-06,201,"whitemoney"
2021-08-06,616,"maria"
2021-08-06,545,"pere"
2021-08-06,9,"niyi"
2021-08-06,1228,"angel"
2021-08-06,91,"arin"
2021-08-06,48,"boma"
2021-08-06,892,"beatrice"
2021-08-06,89,"cross"
2021-08-06,400,"emmanuel"
2021-08-06,51,"jackie"
2021-08-06,1416,"liquorose"
2021-08-06,4,"jaypaul"
2021-08-06,58,"nini"
2021-08-06,60,"peace"
2021-08-06,4,"princess"
2021-08-06,75,"saga"
2021-08-06,234,"sammie"
2021-08-06,20,"saskay"
2021-08-06,19,"tega"
2021-08-06,210,"whitemoney"
2021-08-06,596,"maria"
2021-08-06,276,"pere"
2021-08-06,7,"niyi"
2021-08-06,631,"angel"
2021-08-06,83,"arin"
2021-08-06,54,"boma"
2021-08-06,338,"beatrice"
2021-08-06,78,"cross"
2021-08-06,172,"emmanuel"
2021-08-06,36,"jackie"
2021-08-06,972,"liquorose"
2021-08-06,4,"jaypaul"
2021-08-06,102,"nini"
2021-08-06,46,"peace"
2021-08-06,12,"princess"
2021-08-06,58,"saga"
2021-08-06,161,"sammie"
2021-08-06,18,"saskay"
2021-08-06,56,"tega"
2021-08-06,26,"yerin"
2021-08-06,212,"whitemoney"
2021-08-06,713,"maria"
2021-08-06,364,"pere"
2021-08-06,5,"niyi"
2021-08-06,748,"angel"
2021-08-06,117,"arin"
2021-08-06,136,"boma"
2021-08-06,393,"beatrice"
2021-08-06,199,"cross"
2021-08-06,228,"emmanuel"
2021-08-06,92,"jackie"
2021-08-06,823,"liquorose"
2021-08-06,8,"jaypaul"
2021-08-06,262,"nini"
2021-08-06,69,"peace"
2021-08-06,21,"princess"
2021-08-06,47,"saga"
2021-08-06,267,"sammie"
2021-08-06,25,"saskay"
2021-08-06,177,"tega"
2021-08-06,24,"yerin"
2021-08-06,226,"whitemoney"
2021-08-06,694,"maria"
2021-08-06,464,"pere"
2021-08-06,13,"niyi"
2021-08-06,570,"angel"
2021-08-06,463,"arin"
2021-08-06,284,"boma"
2021-08-06,329,"beatrice"
2021-08-06,211,"cross"
2021-08-06,219,"emmanuel"
2021-08-06,171,"jackie"
2021-08-06,646,"liquorose"
2021-08-06,38,"jaypaul"
2021-08-06,672,"nini"
2021-08-06,94,"peace"
2021-08-06,8,"princess"
2021-08-06,197,"saga"
2021-08-06,143,"sammie"
2021-08-06,67,"saskay"
2021-08-06,425,"tega"
2021-08-06,39,"yerin"
2021-08-06,211,"whitemoney"
2021-08-06,679,"maria"
2021-08-06,454,"pere"
2021-08-06,16,"niyi"
2021-08-06,717,"angel"
2021-08-06,581,"arin"
2021-08-06,283,"boma"
2021-08-06,289,"beatrice"
2021-08-06,242,"cross"
2021-08-06,288,"emmanuel"
2021-08-06,194,"jackie"
2021-08-06,604,"liquorose"
2021-08-06,50,"jaypaul"
2021-08-06,690,"nini"
2021-08-06,89,"peace"
2021-08-06,29,"princess"
2021-08-06,321,"saga"
2021-08-06,147,"sammie"
2021-08-06,154,"saskay"
2021-08-06,329,"tega"
2021-08-06,32,"yerin"
2021-08-06,1120,"whitemoney"
2021-08-06,1052,"maria"
2021-08-06,148,"pere"
2021-08-06,409,"niyi"
2021-08-06,777,"angel"
2021-08-06,182,"arin"
2021-08-06,2013,"boma"
2021-08-06,413,"beatrice"
2021-08-06,110,"cross"
2021-08-06,203,"emmanuel"
2021-08-06,132,"jackie"
2021-08-06,500,"liquorose"
2021-08-06,16,"jaypaul"
2021-08-06,204,"nini"
2021-08-06,32,"peace"
2021-08-06,9,"princess"
2021-08-06,109,"saga"
2021-08-06,54,"sammie"
2021-08-06,42,"saskay"
2021-08-06,58,"tega"
2021-08-06,100,"yerin"
2021-08-06,1024,"whitemoney"
2021-08-06,816,"maria"
2021-08-06,508,"pere"
2021-08-06,62,"niyi"
2021-08-06,370,"angel"
2021-08-06,199,"arin"
2021-08-06,365,"boma"
2021-08-06,173,"beatrice"
2021-08-06,120,"cross"
2021-08-06,138,"emmanuel"
2021-08-06,266,"jackie"
2021-08-06,451,"liquorose"
2021-08-06,362,"jaypaul"
2021-08-06,865,"nini"
2021-08-06,251,"peace"
2021-08-06,52,"princess"
2021-08-06,331,"saga"
2021-08-06,73,"sammie"
2021-08-06,107,"saskay"
2021-08-06,141,"tega"
2021-08-06,104,"yerin"
2021-08-06,158,"whitemoney"
2021-08-06,1249,"maria"
2021-08-06,276,"pere"
2021-08-06,24,"niyi"
2021-08-06,1107,"angel"
2021-08-06,531,"arin"
2021-08-06,72,"boma"
2021-08-06,878,"beatrice"
2021-08-06,62,"cross"
2021-08-06,125,"emmanuel"
2021-08-06,473,"jackie"
2021-08-06,886,"liquorose"
2021-08-06,6,"jaypaul"
2021-08-06,605,"nini"
2021-08-06,54,"peace"
2021-08-06,17,"princess"
2021-08-06,174,"saga"
2021-08-06,59,"sammie"
2021-08-06,31,"saskay"
2021-08-06,44,"tega"
2021-08-06,19,"yerin"
2021-08-06,156,"whitemoney"
2021-08-06,1537,"maria"
2021-08-06,422,"pere"
2021-08-06,35,"niyi"
2021-08-06,574,"angel"
2021-08-06,102,"arin"
2021-08-06,131,"boma"
2021-08-06,265,"beatrice"
2021-08-06,38,"cross"
2021-08-06,121,"emmanuel"
2021-08-06,1543,"jackie"
2021-08-06,483,"liquorose"
2021-08-06,16,"jaypaul"
2021-08-06,72,"nini"
2021-08-06,71,"peace"
2021-08-06,40,"princess"
2021-08-06,39,"saga"
2021-08-06,203,"sammie"
2021-08-06,18,"saskay"
2021-08-06,34,"tega"
2021-08-06,15,"yerin"
2021-08-06,182,"whitemoney"
2021-08-06,1156,"maria"
2021-08-06,615,"pere"
2021-08-06,38,"niyi"
2021-08-06,443,"angel"
2021-08-06,518,"arin"
2021-08-06,66,"boma"
2021-08-06,180,"beatrice"
2021-08-06,996,"cross"
2021-08-06,99,"emmanuel"
2021-08-06,421,"jackie"
2021-08-06,569,"liquorose"
2021-08-06,18,"jaypaul"
2021-08-06,116,"nini"
2021-08-06,56,"peace"
2021-08-06,126,"princess"
2021-08-06,88,"saga"
2021-08-06,166,"sammie"
2021-08-06,253,"saskay"
2021-08-06,49,"tega"
2021-08-06,212,"yerin"
2021-08-06,188,"whitemoney"
2021-08-06,1678,"maria"
2021-08-06,955,"pere"
2021-08-06,10,"niyi"
2021-08-06,502,"angel"
2021-08-06,181,"arin"
2021-08-06,62,"boma"
2021-08-06,136,"beatrice"
2021-08-06,143,"cross"
2021-08-06,84,"emmanuel"
2021-08-06,302,"jackie"
2021-08-06,369,"liquorose"
2021-08-06,38,"jaypaul"
2021-08-06,89,"nini"
2021-08-06,33,"peace"
2021-08-06,35,"princess"
2021-08-06,48,"saga"
2021-08-06,60,"sammie"
2021-08-06,174,"saskay"
2021-08-06,17,"tega"
2021-08-06,32,"yerin"
2021-08-06,180,"whitemoney"
2021-08-06,1050,"maria"
2021-08-06,779,"pere"
2021-08-06,32,"niyi"
2021-08-06,271,"angel"
2021-08-06,104,"arin"
2021-08-06,51,"boma"
2021-08-06,647,"beatrice"
2021-08-06,699,"cross"
2021-08-06,271,"emmanuel"
2021-08-06,131,"jackie"
2021-08-06,403,"liquorose"
2021-08-06,15,"jaypaul"
2021-08-06,151,"nini"
2021-08-06,23,"peace"
2021-08-06,18,"princess"
2021-08-06,580,"saga"
2021-08-06,98,"sammie"
2021-08-06,60,"saskay"
2021-08-06,87,"tega"
2021-08-06,22,"yerin"
2021-08-06,503,"whitemoney"
2021-08-06,841,"maria"
2021-08-06,889,"pere"
2021-08-06,65,"niyi"
2021-08-06,339,"angel"
2021-08-06,242,"arin"
2021-08-06,103,"boma"
2021-08-06,101,"beatrice"
2021-08-06,833,"cross"
2021-08-06,252,"emmanuel"
2021-08-06,200,"jackie"
2021-08-06,308,"liquorose"
2021-08-06,14,"jaypaul"
2021-08-06,96,"nini"
2021-08-06,22,"peace"
2021-08-06,130,"princess"
2021-08-06,176,"saga"
2021-08-06,99,"sammie"
2021-08-06,169,"saskay"
2021-08-06,119,"tega"
2021-08-06,35,"yerin"
2021-08-06,1064,"whitemoney"
2021-08-06,820,"maria"
2021-08-06,308,"pere"
2021-08-06,28,"niyi"
2021-08-06,273,"angel"
2021-08-06,340,"arin"
2021-08-06,45,"boma"
2021-08-06,234,"beatrice"
2021-08-06,109,"cross"
2021-08-06,88,"emmanuel"
2021-08-06,81,"jackie"
2021-08-06,812,"liquorose"
2021-08-06,12,"jaypaul"
2021-08-06,89,"nini"
2021-08-06,25,"peace"
2021-08-06,21,"princess"
2021-08-06,69,"saga"
2021-08-06,174,"sammie"
2021-08-06,46,"saskay"
2021-08-06,15,"tega"
2021-08-06,15,"yerin"
2021-08-06,388,"whitemoney"
2021-08-06,732,"maria"
2021-08-06,204,"pere"
2021-08-06,59,"niyi"
2021-08-06,687,"angel"
2021-08-06,125,"arin"
2021-08-06,217,"boma"
2021-08-06,174,"beatrice"
2021-08-06,311,"cross"
2021-08-06,247,"emmanuel"
2021-08-06,212,"jackie"
2021-08-06,834,"liquorose"
2021-08-06,3,"jaypaul"
2021-08-06,101,"nini"
2021-08-06,87,"peace"
2021-08-06,37,"princess"
2021-08-06,222,"saga"
2021-08-06,70,"sammie"
2021-08-06,265,"saskay"
2021-08-06,102,"tega"
2021-08-06,23,"yerin"
2021-08-06,312,"whitemoney"
2021-08-06,718,"maria"
2021-08-06,791,"pere"
2021-08-06,102,"niyi"
2021-08-06,448,"angel"
2021-08-06,129,"arin"
2021-08-06,543,"boma"
2021-08-06,575,"beatrice"
2021-08-06,766,"cross"
2021-08-06,237,"emmanuel"
2021-08-06,388,"jackie"
2021-08-06,695,"liquorose"
2021-08-06,50,"jaypaul"
2021-08-06,375,"nini"
2021-08-06,199,"peace"
2021-08-06,82,"princess"
2021-08-06,341,"saga"
2021-08-06,61,"sammie"
2021-08-06,412,"saskay"
2021-08-06,83,"tega"
2021-08-06,39,"yerin"
2021-08-06,350,"whitemoney"
2021-08-06,502,"maria"
2021-08-06,301,"pere"
2021-08-06,98,"niyi"
2021-08-06,704,"angel"
2021-08-06,166,"arin"
2021-08-06,228,"boma"
2021-08-06,483,"beatrice"
2021-08-06,1070,"cross"
2021-08-06,123,"emmanuel"
2021-08-06,660,"jackie"
2021-08-06,559,"liquorose"
2021-08-06,51,"jaypaul"
2021-08-06,291,"nini"
2021-08-06,66,"peace"
2021-08-06,59,"princess"
2021-08-06,258,"saga"
2021-08-06,241,"sammie"
2021-08-06,378,"saskay"
2021-08-06,89,"tega"
2021-08-06,27,"yerin"
2021-08-06,64,"whitemoney"
2021-08-07,111,"whitemoney"
2021-08-06,293,"maria"
2021-08-07,469,"maria"
2021-08-06,181,"pere"
2021-08-07,277,"pere"
2021-08-06,2,"niyi"
2021-08-07,14,"niyi"
2021-08-06,62,"angel"
2021-08-07,257,"angel"
2021-08-06,14,"arin"
2021-08-07,827,"arin"
2021-08-06,192,"boma"
2021-08-07,94,"boma"
2021-08-06,10,"beatrice"
2021-08-07,122,"beatrice"
2021-08-06,243,"cross"
2021-08-07,618,"cross"
2021-08-06,90,"emmanuel"
2021-08-07,753,"emmanuel"
2021-08-06,108,"jackie"
2021-08-07,82,"jackie"
2021-08-06,168,"liquorose"
2021-08-07,1096,"liquorose"
2021-08-06,1,"jaypaul"
2021-08-07,12,"jaypaul"
2021-08-06,24,"nini"
2021-08-07,47,"nini"
2021-08-06,12,"peace"
2021-08-07,50,"peace"
2021-08-06,7,"princess"
2021-08-07,15,"princess"
2021-08-06,26,"saga"
2021-08-07,77,"saga"
2021-08-06,18,"sammie"
2021-08-07,31,"sammie"
2021-08-06,17,"saskay"
2021-08-07,49,"saskay"
2021-08-06,5,"tega"
2021-08-07,27,"tega"
2021-08-06,1,"yerin"
2021-08-07,7,"yerin"
2021-08-07,190,"whitemoney"
2021-08-07,500,"maria"
2021-08-07,374,"pere"
2021-08-07,15,"niyi"
2021-08-07,386,"angel"
2021-08-07,920,"arin"
2021-08-07,168,"boma"
2021-08-07,124,"beatrice"
2021-08-07,1096,"cross"
2021-08-07,888,"emmanuel"
2021-08-07,101,"jackie"
2021-08-07,1128,"liquorose"
2021-08-07,48,"jaypaul"
2021-08-07,55,"nini"
2021-08-07,123,"peace"
2021-08-07,30,"princess"
2021-08-07,69,"saga"
2021-08-07,40,"sammie"
2021-08-07,57,"saskay"
2021-08-07,25,"tega"
2021-08-07,8,"yerin"
2021-08-07,278,"whitemoney"
2021-08-07,540,"maria"
2021-08-07,416,"pere"
2021-08-07,15,"niyi"
2021-08-07,402,"angel"
2021-08-07,864,"arin"
2021-08-07,165,"boma"
2021-08-07,125,"beatrice"
2021-08-07,1125,"cross"
2021-08-07,791,"emmanuel"
2021-08-07,103,"jackie"
2021-08-07,1019,"liquorose"
2021-08-07,67,"jaypaul"
2021-08-07,58,"nini"
2021-08-07,125,"peace"
2021-08-07,28,"princess"
2021-08-07,69,"saga"
2021-08-07,39,"sammie"
2021-08-07,59,"saskay"
2021-08-07,25,"tega"
2021-08-07,9,"yerin"
2021-08-07,317,"whitemoney"
2021-08-07,553,"maria"
2021-08-07,419,"pere"
2021-08-07,16,"niyi"
2021-08-07,394,"angel"
2021-08-07,764,"arin"
2021-08-07,161,"boma"
2021-08-07,117,"beatrice"
2021-08-07,1123,"cross"
2021-08-07,737,"emmanuel"
2021-08-07,101,"jackie"
2021-08-07,988,"liquorose"
2021-08-07,69,"jaypaul"
2021-08-07,57,"nini"
2021-08-07,127,"peace"
2021-08-07,27,"princess"
2021-08-07,64,"saga"
2021-08-07,38,"sammie"
2021-08-07,56,"saskay"
2021-08-07,25,"tega"
2021-08-07,10,"yerin"
2021-08-07,334,"whitemoney"
2021-08-07,558,"maria"
2021-08-07,436,"pere"
2021-08-07,20,"niyi"
2021-08-07,392,"angel"
2021-08-07,635,"arin"
2021-08-07,163,"boma"
2021-08-07,108,"beatrice"
2021-08-07,1121,"cross"
2021-08-07,697,"emmanuel"
2021-08-07,115,"jackie"
2021-08-07,938,"liquorose"
2021-08-07,70,"jaypaul"
2021-08-07,62,"nini"
2021-08-07,127,"peace"
2021-08-07,27,"princess"
2021-08-07,74,"saga"
2021-08-07,42,"sammie"
2021-08-07,62,"saskay"
2021-08-07,28,"tega"
2021-08-07,10,"yerin"
2021-08-07,353,"whitemoney"
2021-08-07,557,"maria"
2021-08-07,418,"pere"
2021-08-07,20,"niyi"
2021-08-07,424,"angel"
2021-08-07,483,"arin"
2021-08-07,159,"boma"
2021-08-07,97,"beatrice"
2021-08-07,1119,"cross"
2021-08-07,670,"emmanuel"
2021-08-07,114,"jackie"
2021-08-07,914,"liquorose"
2021-08-07,71,"jaypaul"
2021-08-07,66,"nini"
2021-08-07,126,"peace"
2021-08-07,26,"princess"
2021-08-07,76,"saga"
2021-08-07,42,"sammie"
2021-08-07,64,"saskay"
2021-08-07,27,"tega"
2021-08-07,10,"yerin"
2021-08-07,390,"whitemoney"
2021-08-07,587,"maria"
2021-08-07,408,"pere"
2021-08-07,27,"niyi"
2021-08-07,429,"angel"
2021-08-07,326,"arin"
2021-08-07,151,"boma"
2021-08-07,108,"beatrice"
2021-08-07,1031,"cross"
2021-08-07,638,"emmanuel"
2021-08-07,124,"jackie"
2021-08-07,881,"liquorose"
2021-08-07,70,"jaypaul"
2021-08-07,71,"nini"
2021-08-07,126,"peace"
2021-08-07,26,"princess"
2021-08-07,77,"saga"
2021-08-07,44,"sammie"
2021-08-07,64,"saskay"
2021-08-07,28,"tega"
2021-08-07,10,"yerin"
2021-08-07,417,"whitemoney"
2021-08-07,586,"maria"
2021-08-07,413,"pere"
2021-08-07,31,"niyi"
2021-08-07,390,"angel"
2021-08-07,199,"arin"
2021-08-07,138,"boma"
2021-08-07,147,"beatrice"
2021-08-07,645,"cross"
2021-08-07,572,"emmanuel"
2021-08-07,136,"jackie"
2021-08-07,894,"liquorose"
2021-08-07,62,"jaypaul"
2021-08-07,78,"nini"
2021-08-07,112,"peace"
2021-08-07,22,"princess"
2021-08-07,84,"saga"
2021-08-07,43,"sammie"
2021-08-07,78,"saskay"
2021-08-07,31,"tega"
2021-08-07,16,"yerin"
2021-08-07,295,"whitemoney"
2021-08-07,547,"maria"
2021-08-07,286,"pere"
2021-08-07,37,"niyi"
2021-08-07,303,"angel"
2021-08-07,103,"arin"
2021-08-07,60,"boma"
2021-08-07,256,"beatrice"
2021-08-07,284,"cross"
2021-08-07,339,"emmanuel"
2021-08-07,144,"jackie"
2021-08-07,810,"liquorose"
2021-08-07,13,"jaypaul"
2021-08-07,92,"nini"
2021-08-07,49,"peace"
2021-08-07,30,"princess"
2021-08-07,95,"saga"
2021-08-07,37,"sammie"
2021-08-07,78,"saskay"
2021-08-07,44,"tega"
2021-08-07,14,"yerin"
2021-08-07,242,"whitemoney"
2021-08-07,592,"maria"
2021-08-07,298,"pere"
2021-08-07,29,"niyi"
2021-08-07,213,"angel"
2021-08-07,69,"arin"
2021-08-07,63,"boma"
2021-08-07,318,"beatrice"
2021-08-07,261,"cross"
2021-08-07,264,"emmanuel"
2021-08-07,103,"jackie"
2021-08-07,755,"liquorose"
2021-08-07,12,"jaypaul"
2021-08-07,101,"nini"
2021-08-07,29,"peace"
2021-08-07,35,"princess"
2021-08-07,89,"saga"
2021-08-07,32,"sammie"
2021-08-07,55,"saskay"
2021-08-07,44,"tega"
2021-08-07,14,"yerin"
2021-08-07,319,"whitemoney"
2021-08-07,879,"maria"
2021-08-07,548,"pere"
2021-08-07,30,"niyi"
2021-08-07,187,"angel"
2021-08-07,71,"arin"
2021-08-07,94,"boma"
2021-08-07,321,"beatrice"
2021-08-07,218,"cross"
2021-08-07,220,"emmanuel"
2021-08-07,92,"jackie"
2021-08-07,785,"liquorose"
2021-08-07,17,"jaypaul"
2021-08-07,126,"nini"
2021-08-07,33,"peace"
2021-08-07,23,"princess"
2021-08-07,121,"saga"
2021-08-07,38,"sammie"
2021-08-07,51,"saskay"
2021-08-07,88,"tega"
2021-08-07,28,"yerin"
2021-08-07,297,"whitemoney"
2021-08-07,903,"maria"
2021-08-07,587,"pere"
2021-08-07,24,"niyi"
2021-08-07,163,"angel"
2021-08-07,122,"arin"
2021-08-07,141,"boma"
2021-08-07,218,"beatrice"
2021-08-07,270,"cross"
2021-08-07,201,"emmanuel"
2021-08-07,79,"jackie"
2021-08-07,717,"liquorose"
2021-08-07,20,"jaypaul"
2021-08-07,140,"nini"
2021-08-07,51,"peace"
2021-08-07,19,"princess"
2021-08-07,156,"saga"
2021-08-07,33,"sammie"
2021-08-07,45,"saskay"
2021-08-07,87,"tega"
2021-08-07,44,"yerin"
2021-08-07,478,"whitemoney"
2021-08-07,777,"maria"
2021-08-07,426,"pere"
2021-08-07,26,"niyi"
2021-08-07,152,"angel"
2021-08-07,131,"arin"
2021-08-07,165,"boma"
2021-08-07,208,"beatrice"
2021-08-07,274,"cross"
2021-08-07,194,"emmanuel"
2021-08-07,122,"jackie"
2021-08-07,687,"liquorose"
2021-08-07,83,"jaypaul"
2021-08-07,161,"nini"
2021-08-07,70,"peace"
2021-08-07,17,"princess"
2021-08-07,190,"saga"
2021-08-07,34,"sammie"
2021-08-07,65,"saskay"
2021-08-07,76,"tega"
2021-08-07,74,"yerin"
2021-08-07,871,"whitemoney"
2021-08-07,851,"maria"
2021-08-07,268,"pere"
2021-08-07,30,"niyi"
2021-08-07,471,"angel"
2021-08-07,90,"arin"
2021-08-07,538,"boma"
2021-08-07,202,"beatrice"
2021-08-07,178,"cross"
2021-08-07,182,"emmanuel"
2021-08-07,134,"jackie"
2021-08-07,539,"liquorose"
2021-08-07,91,"jaypaul"
2021-08-07,151,"nini"
2021-08-07,57,"peace"
2021-08-07,20,"princess"
2021-08-07,237,"saga"
2021-08-07,33,"sammie"
2021-08-07,87,"saskay"
2021-08-07,63,"tega"
2021-08-07,64,"yerin"
2021-08-07,1290,"whitemoney"
2021-08-07,1288,"maria"
2021-08-07,202,"pere"
2021-08-07,60,"niyi"
2021-08-07,653,"angel"
2021-08-07,484,"arin"
2021-08-07,677,"boma"
2021-08-07,101,"beatrice"
2021-08-07,96,"cross"
2021-08-07,218,"emmanuel"
2021-08-07,120,"jackie"
2021-08-07,363,"liquorose"
2021-08-07,23,"jaypaul"
2021-08-07,128,"nini"
2021-08-07,32,"peace"
2021-08-07,12,"princess"
2021-08-07,143,"saga"
2021-08-07,54,"sammie"
2021-08-07,126,"saskay"
2021-08-07,42,"tega"
2021-08-07,66,"yerin"
2021-08-07,547,"whitemoney"
2021-08-07,782,"maria"
2021-08-07,192,"pere"
2021-08-07,67,"niyi"
2021-08-07,870,"angel"
2021-08-07,516,"arin"
2021-08-07,883,"boma"
2021-08-07,107,"beatrice"
2021-08-07,136,"cross"
2021-08-07,112,"emmanuel"
2021-08-07,75,"jackie"
2021-08-07,291,"liquorose"
2021-08-07,5,"jaypaul"
2021-08-07,250,"nini"
2021-08-07,49,"peace"
2021-08-07,28,"princess"
2021-08-07,102,"saga"
2021-08-07,59,"sammie"
2021-08-07,133,"saskay"
2021-08-07,33,"tega"
2021-08-07,34,"yerin"
2021-08-07,422,"whitemoney"
2021-08-07,546,"maria"
2021-08-07,704,"pere"
2021-08-07,40,"niyi"
2021-08-07,353,"angel"
2021-08-07,132,"arin"
2021-08-07,318,"boma"
2021-08-07,72,"beatrice"
2021-08-07,367,"cross"
2021-08-07,119,"emmanuel"
2021-08-07,74,"jackie"
2021-08-07,448,"liquorose"
2021-08-07,48,"jaypaul"
2021-08-07,902,"nini"
2021-08-07,93,"peace"
2021-08-07,27,"princess"
2021-08-07,77,"saga"
2021-08-07,115,"sammie"
2021-08-07,89,"saskay"
2021-08-07,56,"tega"
2021-08-07,43,"yerin"
2021-08-07,836,"whitemoney"
2021-08-07,660,"maria"
2021-08-07,577,"pere"
2021-08-07,41,"niyi"
2021-08-07,237,"angel"
2021-08-07,106,"arin"
2021-08-07,697,"boma"
2021-08-07,229,"beatrice"
2021-08-07,269,"cross"
2021-08-07,160,"emmanuel"
2021-08-07,76,"jackie"
2021-08-07,363,"liquorose"
2021-08-07,25,"jaypaul"
2021-08-07,421,"nini"
2021-08-07,46,"peace"
2021-08-07,16,"princess"
2021-08-07,176,"saga"
2021-08-07,46,"sammie"
2021-08-07,337,"saskay"
2021-08-07,31,"tega"
2021-08-07,395,"yerin"
2021-08-07,300,"whitemoney"
2021-08-07,632,"maria"
2021-08-07,639,"pere"
2021-08-07,24,"niyi"
2021-08-07,407,"angel"
2021-08-07,991,"arin"
2021-08-07,788,"boma"
2021-08-07,288,"beatrice"
2021-08-07,157,"cross"
2021-08-07,90,"emmanuel"
2021-08-07,47,"jackie"
2021-08-07,449,"liquorose"
2021-08-07,59,"jaypaul"
2021-08-07,377,"nini"
2021-08-07,86,"peace"
2021-08-07,13,"princess"
2021-08-07,387,"saga"
2021-08-07,92,"sammie"
2021-08-07,137,"saskay"
2021-08-07,25,"tega"
2021-08-07,56,"yerin"
2021-08-07,313,"whitemoney"
2021-08-07,429,"maria"
2021-08-07,474,"pere"
2021-08-07,30,"niyi"
2021-08-07,411,"angel"
2021-08-07,651,"arin"
2021-08-07,448,"boma"
2021-08-07,154,"beatrice"
2021-08-07,81,"cross"
2021-08-07,145,"emmanuel"
2021-08-07,46,"jackie"
2021-08-07,541,"liquorose"
2021-08-07,77,"jaypaul"
2021-08-07,460,"nini"
2021-08-07,108,"peace"
2021-08-07,13,"princess"
2021-08-07,204,"saga"
2021-08-07,137,"sammie"
2021-08-07,106,"saskay"
2021-08-07,39,"tega"
2021-08-07,76,"yerin"
2021-08-07,314,"whitemoney"
2021-08-07,483,"maria"
2021-08-07,278,"pere"
2021-08-07,31,"niyi"
2021-08-07,326,"angel"
2021-08-07,179,"arin"
2021-08-07,409,"boma"
2021-08-07,97,"beatrice"
2021-08-07,228,"cross"
2021-08-07,324,"emmanuel"
2021-08-07,128,"jackie"
2021-08-07,646,"liquorose"
2021-08-07,43,"jaypaul"
2021-08-07,283,"nini"
2021-08-07,61,"peace"
2021-08-07,21,"princess"
2021-08-07,169,"saga"
2021-08-07,94,"sammie"
2021-08-07,78,"saskay"
2021-08-07,59,"tega"
2021-08-07,78,"yerin"
2021-08-07,379,"whitemoney"
2021-08-07,430,"maria"
2021-08-07,216,"pere"
2021-08-07,88,"niyi"
2021-08-07,391,"angel"
2021-08-07,193,"arin"
2021-08-07,770,"boma"
2021-08-07,171,"beatrice"
2021-08-07,241,"cross"
2021-08-07,245,"emmanuel"
2021-08-07,409,"jackie"
2021-08-07,516,"liquorose"
2021-08-07,32,"jaypaul"
2021-08-07,139,"nini"
2021-08-07,62,"peace"
2021-08-07,27,"princess"
2021-08-07,255,"saga"
2021-08-07,118,"sammie"
2021-08-07,178,"saskay"
2021-08-07,147,"tega"
2021-08-07,90,"yerin"
2021-08-07,192,"whitemoney"
2021-08-07,606,"maria"
2021-08-07,230,"pere"
2021-08-07,106,"niyi"
2021-08-07,293,"angel"
2021-08-07,136,"arin"
2021-08-07,113,"boma"
2021-08-07,213,"beatrice"
2021-08-07,1098,"cross"
2021-08-07,130,"emmanuel"
2021-08-07,92,"jackie"
2021-08-07,588,"liquorose"
2021-08-07,140,"jaypaul"
2021-08-07,224,"nini"
2021-08-07,45,"peace"
2021-08-07,82,"princess"
2021-08-07,315,"saga"
2021-08-07,133,"sammie"
2021-08-07,1087,"saskay"
2021-08-07,201,"tega"
2021-08-07,299,"yerin"
2021-08-07,260,"whitemoney"
2021-08-07,919,"maria"
2021-08-07,249,"pere"
2021-08-07,48,"niyi"
2021-08-07,251,"angel"
2021-08-07,175,"arin"
2021-08-07,141,"boma"
2021-08-07,176,"beatrice"
2021-08-07,1021,"cross"
2021-08-07,169,"emmanuel"
2021-08-07,76,"jackie"
2021-08-07,417,"liquorose"
2021-08-07,38,"jaypaul"
2021-08-07,659,"nini"
2021-08-07,51,"peace"
2021-08-07,69,"princess"
2021-08-07,1088,"saga"
2021-08-07,50,"sammie"
2021-08-07,281,"saskay"
2021-08-07,64,"tega"
2021-08-07,58,"yerin"
2021-08-08,491,"whitemoney"
2021-08-08,435,"maria"
2021-08-08,190,"pere"
2021-08-08,21,"niyi"
2021-08-08,964,"angel"
2021-08-08,118,"arin"
2021-08-08,108,"boma"
2021-08-08,330,"beatrice"
2021-08-08,155,"cross"
2021-08-08,260,"emmanuel"
2021-08-08,237,"jackie"
2021-08-08,513,"liquorose"
2021-08-08,56,"jaypaul"
2021-08-08,87,"nini"
2021-08-08,103,"peace"
2021-08-08,423,"princess"
2021-08-08,81,"saga"
2021-08-08,1238,"sammie"
2021-08-08,122,"saskay"
2021-08-08,26,"tega"
2021-08-08,24,"yerin"
2021-08-08,361,"whitemoney"
2021-08-08,1179,"maria"
2021-08-08,1147,"pere"
2021-08-08,13,"niyi"
2021-08-08,662,"angel"
2021-08-08,351,"arin"
2021-08-08,106,"boma"
2021-08-08,173,"beatrice"
2021-08-08,247,"cross"
2021-08-08,451,"emmanuel"
2021-08-08,224,"jackie"
2021-08-08,392,"liquorose"
2021-08-08,207,"jaypaul"
2021-08-08,54,"nini"
2021-08-08,146,"peace"
2021-08-08,138,"princess"
2021-08-08,90,"saga"
2021-08-08,746,"sammie"
2021-08-08,93,"saskay"
2021-08-08,27,"tega"
2021-08-08,15,"yerin"
2021-08-08,239,"whitemoney"
2021-08-08,1045,"maria"
2021-08-08,991,"pere"
2021-08-08,14,"niyi"
2021-08-08,758,"angel"
2021-08-08,348,"arin"
2021-08-08,112,"boma"
2021-08-08,93,"beatrice"
2021-08-08,236,"cross"
2021-08-08,442,"emmanuel"
2021-08-08,211,"jackie"
2021-08-08,401,"liquorose"
2021-08-08,216,"jaypaul"
2021-08-08,59,"nini"
2021-08-08,152,"peace"
2021-08-08,60,"princess"
2021-08-08,98,"saga"
2021-08-08,954,"sammie"
2021-08-08,93,"saskay"
2021-08-08,22,"tega"
2021-08-08,18,"yerin"
2021-08-08,245,"whitemoney"
2021-08-08,1011,"maria"
2021-08-08,967,"pere"
2021-08-08,16,"niyi"
2021-08-08,742,"angel"
2021-08-08,342,"arin"
2021-08-08,115,"boma"
2021-08-08,95,"beatrice"
2021-08-08,246,"cross"
2021-08-08,393,"emmanuel"
2021-08-08,214,"jackie"
2021-08-08,411,"liquorose"
2021-08-08,215,"jaypaul"
2021-08-08,70,"nini"
2021-08-08,153,"peace"
2021-08-08,56,"princess"
2021-08-08,105,"saga"
2021-08-08,950,"sammie"
2021-08-08,131,"saskay"
2021-08-08,20,"tega"
2021-08-08,21,"yerin"
2021-08-08,239,"whitemoney"
2021-08-08,994,"maria"
2021-08-08,950,"pere"
2021-08-08,16,"niyi"
2021-08-08,712,"angel"
2021-08-08,292,"arin"
2021-08-08,123,"boma"
2021-08-08,95,"beatrice"
2021-08-08,236,"cross"
2021-08-08,403,"emmanuel"
2021-08-08,223,"jackie"
2021-08-08,423,"liquorose"
2021-08-08,193,"jaypaul"
2021-08-08,76,"nini"
2021-08-08,152,"peace"
2021-08-08,55,"princess"
2021-08-08,107,"saga"
2021-08-08,835,"sammie"
2021-08-08,139,"saskay"
2021-08-08,22,"tega"
2021-08-08,21,"yerin"
2021-08-08,186,"whitemoney"
2021-08-08,986,"maria"
2021-08-08,863,"pere"
2021-08-08,20,"niyi"
2021-08-08,620,"angel"
2021-08-08,272,"arin"
2021-08-08,124,"boma"
2021-08-08,102,"beatrice"
2021-08-08,207,"cross"
2021-08-08,374,"emmanuel"
2021-08-08,196,"jackie"
2021-08-08,452,"liquorose"
2021-08-08,197,"jaypaul"
2021-08-08,69,"nini"
2021-08-08,140,"peace"
2021-08-08,47,"princess"
2021-08-08,84,"saga"
2021-08-08,722,"sammie"
2021-08-08,166,"saskay"
2021-08-08,56,"tega"
2021-08-08,19,"yerin"
2021-08-08,152,"whitemoney"
2021-08-08,832,"maria"
2021-08-08,600,"pere"
2021-08-08,24,"niyi"
2021-08-08,548,"angel"
2021-08-08,135,"arin"
2021-08-08,117,"boma"
2021-08-08,118,"beatrice"
2021-08-08,194,"cross"
2021-08-08,341,"emmanuel"
2021-08-08,85,"jackie"
2021-08-08,503,"liquorose"
2021-08-08,89,"jaypaul"
2021-08-08,87,"nini"
2021-08-08,79,"peace"
2021-08-08,39,"princess"
2021-08-08,86,"saga"
2021-08-08,467,"sammie"
2021-08-08,183,"saskay"
2021-08-08,84,"tega"
2021-08-08,29,"yerin"
2021-08-08,181,"whitemoney"
2021-08-08,701,"maria"
2021-08-08,384,"pere"
2021-08-08,31,"niyi"
2021-08-08,361,"angel"
2021-08-08,99,"arin"
2021-08-08,120,"boma"
2021-08-08,115,"beatrice"
2021-08-08,183,"cross"
2021-08-08,262,"emmanuel"
2021-08-08,80,"jackie"
2021-08-08,501,"liquorose"
2021-08-08,62,"jaypaul"
2021-08-08,123,"nini"
2021-08-08,66,"peace"
2021-08-08,31,"princess"
2021-08-08,97,"saga"
2021-08-08,179,"sammie"
2021-08-08,369,"saskay"
2021-08-08,83,"tega"
2021-08-08,33,"yerin"
2021-08-08,209,"whitemoney"
2021-08-08,704,"maria"
2021-08-08,326,"pere"
2021-08-08,31,"niyi"
2021-08-08,307,"angel"
2021-08-08,99,"arin"
2021-08-08,106,"boma"
2021-08-08,96,"beatrice"
2021-08-08,180,"cross"
2021-08-08,268,"emmanuel"
2021-08-08,63,"jackie"
2021-08-08,559,"liquorose"
2021-08-08,61,"jaypaul"
2021-08-08,110,"nini"
2021-08-08,87,"peace"
2021-08-08,29,"princess"
2021-08-08,86,"saga"
2021-08-08,149,"sammie"
2021-08-08,344,"saskay"
2021-08-08,35,"tega"
2021-08-08,20,"yerin"
2021-08-08,293,"whitemoney"
2021-08-08,635,"maria"
2021-08-08,357,"pere"
2021-08-08,25,"niyi"
2021-08-08,244,"angel"
2021-08-08,95,"arin"
2021-08-08,105,"boma"
2021-08-08,76,"beatrice"
2021-08-08,265,"cross"
2021-08-08,299,"emmanuel"
2021-08-08,88,"jackie"
2021-08-08,566,"liquorose"
2021-08-08,49,"jaypaul"
2021-08-08,83,"nini"
2021-08-08,93,"peace"
2021-08-08,37,"princess"
2021-08-08,115,"saga"
2021-08-08,113,"sammie"
2021-08-08,185,"saskay"
2021-08-08,39,"tega"
2021-08-08,29,"yerin"
2021-08-08,341,"whitemoney"
2021-08-08,641,"maria"
2021-08-08,385,"pere"
2021-08-08,33,"niyi"
2021-08-08,278,"angel"
2021-08-08,95,"arin"
2021-08-08,105,"boma"
2021-08-08,77,"beatrice"
2021-08-08,291,"cross"
2021-08-08,242,"emmanuel"
2021-08-08,86,"jackie"
2021-08-08,533,"liquorose"
2021-08-08,35,"jaypaul"
2021-08-08,95,"nini"
2021-08-08,73,"peace"
2021-08-08,34,"princess"
2021-08-08,145,"saga"
2021-08-08,130,"sammie"
2021-08-08,163,"saskay"
2021-08-08,67,"tega"
2021-08-08,74,"yerin"
2021-08-08,362,"whitemoney"
2021-08-08,829,"maria"
2021-08-08,471,"pere"
2021-08-08,38,"niyi"
2021-08-08,237,"angel"
2021-08-08,178,"arin"
2021-08-08,71,"boma"
2021-08-08,88,"beatrice"
2021-08-08,222,"cross"
2021-08-08,224,"emmanuel"
2021-08-08,50,"jackie"
2021-08-08,537,"liquorose"
2021-08-08,58,"jaypaul"
2021-08-08,133,"nini"
2021-08-08,64,"peace"
2021-08-08,29,"princess"
2021-08-08,165,"saga"
2021-08-08,110,"sammie"
2021-08-08,149,"saskay"
2021-08-08,186,"tega"
2021-08-08,62,"yerin"
2021-08-08,425,"whitemoney"
2021-08-08,921,"maria"
2021-08-08,587,"pere"
2021-08-08,67,"niyi"
2021-08-08,320,"angel"
2021-08-08,181,"arin"
2021-08-08,76,"boma"
2021-08-08,85,"beatrice"
2021-08-08,232,"cross"
2021-08-08,247,"emmanuel"
2021-08-08,68,"jackie"
2021-08-08,506,"liquorose"
2021-08-08,55,"jaypaul"
2021-08-08,135,"nini"
2021-08-08,72,"peace"
2021-08-08,20,"princess"
2021-08-08,139,"saga"
2021-08-08,174,"sammie"
2021-08-08,111,"saskay"
2021-08-08,216,"tega"
2021-08-08,31,"yerin"
2021-08-08,437,"whitemoney"
2021-08-08,989,"maria"
2021-08-08,621,"pere"
2021-08-08,87,"niyi"
2021-08-08,365,"angel"
2021-08-08,133,"arin"
2021-08-08,75,"boma"
2021-08-08,85,"beatrice"
2021-08-08,256,"cross"
2021-08-08,242,"emmanuel"
2021-08-08,72,"jackie"
2021-08-08,516,"liquorose"
2021-08-08,19,"jaypaul"
2021-08-08,243,"nini"
2021-08-08,80,"peace"
2021-08-08,23,"princess"
2021-08-08,245,"saga"
2021-08-08,193,"sammie"
2021-08-08,122,"saskay"
2021-08-08,215,"tega"
2021-08-08,50,"yerin"
2021-08-08,366,"whitemoney"
2021-08-08,851,"maria"
2021-08-08,453,"pere"
2021-08-08,155,"niyi"
2021-08-08,302,"angel"
2021-08-08,116,"arin"
2021-08-08,59,"boma"
2021-08-08,85,"beatrice"
2021-08-08,391,"cross"
2021-08-08,386,"emmanuel"
2021-08-08,84,"jackie"
2021-08-08,553,"liquorose"
2021-08-08,17,"jaypaul"
2021-08-08,333,"nini"
2021-08-08,64,"peace"
2021-08-08,30,"princess"
2021-08-08,356,"saga"
2021-08-08,159,"sammie"
2021-08-08,144,"saskay"
2021-08-08,93,"tega"
2021-08-08,351,"yerin"
2021-08-08,981,"whitemoney"
2021-08-08,482,"maria"
2021-08-08,205,"pere"
2021-08-08,122,"niyi"
2021-08-08,132,"angel"
2021-08-08,88,"arin"
2021-08-08,55,"boma"
2021-08-08,552,"beatrice"
2021-08-08,188,"cross"
2021-08-08,129,"emmanuel"
2021-08-08,74,"jackie"
2021-08-08,363,"liquorose"
2021-08-08,5,"jaypaul"
2021-08-08,82,"nini"
2021-08-08,29,"peace"
2021-08-08,25,"princess"
2021-08-08,73,"saga"
2021-08-08,52,"sammie"
2021-08-08,57,"saskay"
2021-08-08,42,"tega"
2021-08-08,931,"yerin"
2021-08-08,587,"whitemoney"
2021-08-08,471,"maria"
2021-08-08,225,"pere"
2021-08-08,72,"niyi"
2021-08-08,131,"angel"
2021-08-08,135,"arin"
2021-08-08,48,"boma"
2021-08-08,536,"beatrice"
2021-08-08,211,"cross"
2021-08-08,165,"emmanuel"
2021-08-08,53,"jackie"
2021-08-08,370,"liquorose"
2021-08-08,21,"jaypaul"
2021-08-08,111,"nini"
2021-08-08,28,"peace"
2021-08-08,34,"princess"
2021-08-08,75,"saga"
2021-08-08,48,"sammie"
2021-08-08,59,"saskay"
2021-08-08,39,"tega"
2021-08-08,234,"yerin"
2021-08-08,315,"whitemoney"
2021-08-08,220,"maria"
2021-08-08,773,"pere"
2021-08-08,59,"niyi"
2021-08-08,791,"angel"
2021-08-08,83,"arin"
2021-08-08,148,"boma"
2021-08-08,75,"beatrice"
2021-08-08,298,"cross"
2021-08-08,82,"emmanuel"
2021-08-08,10,"jackie"
2021-08-08,79,"liquorose"
2021-08-08,18,"jaypaul"
2021-08-08,91,"nini"
2021-08-08,30,"peace"
2021-08-08,18,"princess"
2021-08-08,64,"saga"
2021-08-08,90,"sammie"
2021-08-08,26,"saskay"
2021-08-08,8,"tega"
2021-08-08,986,"yerin"
2021-08-08,619,"whitemoney"
2021-08-08,284,"maria"
2021-08-08,163,"pere"
2021-08-08,131,"niyi"
2021-08-08,261,"angel"
2021-08-08,104,"arin"
2021-08-08,153,"boma"
2021-08-08,728,"beatrice"
2021-08-08,110,"cross"
2021-08-08,47,"emmanuel"
2021-08-08,70,"jackie"
2021-08-08,257,"liquorose"
2021-08-08,20,"jaypaul"
2021-08-08,58,"nini"
2021-08-08,22,"peace"
2021-08-08,163,"princess"
2021-08-08,82,"saga"
2021-08-08,27,"sammie"
2021-08-08,20,"saskay"
2021-08-08,9,"tega"
2021-08-08,125,"yerin"
2021-08-08,450,"whitemoney"
2021-08-08,398,"maria"
2021-08-08,224,"pere"
2021-08-08,33,"niyi"
2021-08-08,417,"angel"
2021-08-08,133,"arin"
2021-08-08,1252,"boma"
2021-08-08,74,"beatrice"
2021-08-08,234,"cross"
2021-08-08,66,"emmanuel"
2021-08-08,77,"jackie"
2021-08-08,243,"liquorose"
2021-08-08,28,"jaypaul"
2021-08-08,167,"nini"
2021-08-08,39,"peace"
2021-08-08,27,"princess"
2021-08-08,135,"saga"
2021-08-08,36,"sammie"
2021-08-08,31,"saskay"
2021-08-08,17,"tega"
2021-08-08,58,"yerin"
2021-08-08,452,"whitemoney"
2021-08-08,547,"maria"
2021-08-08,347,"pere"
2021-08-08,34,"niyi"
2021-08-08,309,"angel"
2021-08-08,92,"arin"
2021-08-08,563,"boma"
2021-08-08,96,"beatrice"
2021-08-08,210,"cross"
2021-08-08,120,"emmanuel"
2021-08-08,48,"jackie"
2021-08-08,345,"liquorose"
2021-08-08,40,"jaypaul"
2021-08-08,290,"nini"
2021-08-08,77,"peace"
2021-08-08,47,"princess"
2021-08-08,278,"saga"
2021-08-08,51,"sammie"
2021-08-08,87,"saskay"
2021-08-08,18,"tega"
2021-08-08,61,"yerin"
2021-08-08,199,"whitemoney"
2021-08-08,493,"maria"
2021-08-08,154,"pere"
2021-08-08,28,"niyi"
2021-08-08,503,"angel"
2021-08-08,98,"arin"
2021-08-08,205,"boma"
2021-08-08,93,"beatrice"
2021-08-08,123,"cross"
2021-08-08,460,"emmanuel"
2021-08-08,428,"jackie"
2021-08-08,516,"liquorose"
2021-08-08,11,"jaypaul"
2021-08-08,225,"nini"
2021-08-08,60,"peace"
2021-08-08,157,"princess"
2021-08-08,97,"saga"
2021-08-08,55,"sammie"
2021-08-08,39,"saskay"
2021-08-08,19,"tega"
2021-08-08,46,"yerin"
2021-08-08,274,"whitemoney"
2021-08-08,1052,"maria"
2021-08-08,721,"pere"
2021-08-08,45,"niyi"
2021-08-08,430,"angel"
2021-08-08,736,"arin"
2021-08-08,137,"boma"
2021-08-08,78,"beatrice"
2021-08-08,171,"cross"
2021-08-08,112,"emmanuel"
2021-08-08,168,"jackie"
2021-08-08,421,"liquorose"
2021-08-08,15,"jaypaul"
2021-08-08,494,"nini"
2021-08-08,52,"peace"
2021-08-08,121,"princess"
2021-08-08,768,"saga"
2021-08-08,69,"sammie"
2021-08-08,55,"saskay"
2021-08-08,387,"tega"
2021-08-08,57,"yerin"
2021-08-08,146,"whitemoney"
2021-08-09,188,"whitemoney"
2021-08-08,346,"maria"
2021-08-09,503,"maria"
2021-08-08,382,"pere"
2021-08-09,410,"pere"
2021-08-08,5,"niyi"
2021-08-09,8,"niyi"
2021-08-08,328,"angel"
2021-08-09,402,"angel"
2021-08-08,73,"arin"
2021-08-09,231,"arin"
2021-08-08,158,"boma"
2021-08-09,215,"boma"
2021-08-08,11,"beatrice"
2021-08-09,27,"beatrice"
2021-08-08,55,"cross"
2021-08-09,328,"cross"
2021-08-08,51,"emmanuel"
2021-08-09,144,"emmanuel"
2021-08-08,735,"jackie"
2021-08-09,405,"jackie"
2021-08-08,175,"liquorose"
2021-08-09,261,"liquorose"
2021-08-08,15,"jaypaul"
2021-08-09,108,"jaypaul"
2021-08-08,106,"nini"
2021-08-09,237,"nini"
2021-08-08,39,"peace"
2021-08-09,47,"peace"
2021-08-08,37,"princess"
2021-08-09,27,"princess"
2021-08-08,143,"saga"
2021-08-09,170,"saga"
2021-08-08,154,"sammie"
2021-08-09,209,"sammie"
2021-08-08,33,"saskay"
2021-08-09,25,"saskay"
2021-08-08,24,"tega"
2021-08-09,51,"tega"
2021-08-08,5,"yerin"
2021-08-09,18,"yerin"
2021-08-09,170,"whitemoney"
2021-08-09,829,"maria"
2021-08-09,683,"pere"
2021-08-09,14,"niyi"
2021-08-09,1146,"angel"
2021-08-09,249,"arin"
2021-08-09,171,"boma"
2021-08-09,74,"beatrice"
2021-08-09,805,"cross"
2021-08-09,297,"emmanuel"
2021-08-09,374,"jackie"
2021-08-09,435,"liquorose"
2021-08-09,122,"jaypaul"
2021-08-09,300,"nini"
2021-08-09,89,"peace"
2021-08-09,28,"princess"
2021-08-09,155,"saga"
2021-08-09,402,"sammie"
2021-08-09,81,"saskay"
2021-08-09,67,"tega"
2021-08-09,23,"yerin"
2021-08-09,125,"whitemoney"
2021-08-09,696,"maria"
2021-08-09,539,"pere"
2021-08-09,17,"niyi"
2021-08-09,1261,"angel"
2021-08-09,259,"arin"
2021-08-09,152,"boma"
2021-08-09,87,"beatrice"
2021-08-09,742,"cross"
2021-08-09,347,"emmanuel"
2021-08-09,285,"jackie"
2021-08-09,404,"liquorose"
2021-08-09,156,"jaypaul"
2021-08-09,193,"nini"
2021-08-09,66,"peace"
2021-08-09,24,"princess"
2021-08-09,67,"saga"
2021-08-09,365,"sammie"
2021-08-09,76,"saskay"
2021-08-09,56,"tega"
2021-08-09,28,"yerin"
2021-08-09,120,"whitemoney"
2021-08-09,682,"maria"
2021-08-09,531,"pere"
2021-08-09,17,"niyi"
2021-08-09,1250,"angel"
2021-08-09,261,"arin"
2021-08-09,128,"boma"
2021-08-09,90,"beatrice"
2021-08-09,713,"cross"
2021-08-09,357,"emmanuel"
2021-08-09,198,"jackie"
2021-08-09,427,"liquorose"
2021-08-09,155,"jaypaul"
2021-08-09,130,"nini"
2021-08-09,59,"peace"
2021-08-09,22,"princess"
2021-08-09,64,"saga"
2021-08-09,304,"sammie"
2021-08-09,77,"saskay"
2021-08-09,56,"tega"
2021-08-09,31,"yerin"
2021-08-09,130,"whitemoney"
2021-08-09,660,"maria"
2021-08-09,514,"pere"
2021-08-09,17,"niyi"
2021-08-09,1224,"angel"
2021-08-09,140,"arin"
2021-08-09,124,"boma"
2021-08-09,88,"beatrice"
2021-08-09,660,"cross"
2021-08-09,342,"emmanuel"
2021-08-09,195,"jackie"
2021-08-09,438,"liquorose"
2021-08-09,73,"jaypaul"
2021-08-09,125,"nini"
2021-08-09,60,"peace"
2021-08-09,23,"princess"
2021-08-09,47,"saga"
2021-08-09,244,"sammie"
2021-08-09,78,"saskay"
2021-08-09,44,"tega"
2021-08-09,36,"yerin"
2021-08-09,184,"whitemoney"
2021-08-09,528,"maria"
2021-08-09,381,"pere"
2021-08-09,34,"niyi"
2021-08-09,964,"angel"
2021-08-09,134,"arin"
2021-08-09,73,"boma"
2021-08-09,96,"beatrice"
2021-08-09,571,"cross"
2021-08-09,271,"emmanuel"
2021-08-09,126,"jackie"
2021-08-09,492,"liquorose"
2021-08-09,62,"jaypaul"
2021-08-09,110,"nini"
2021-08-09,31,"peace"
2021-08-09,31,"princess"
2021-08-09,56,"saga"
2021-08-09,121,"sammie"
2021-08-09,76,"saskay"
2021-08-09,36,"tega"
2021-08-09,47,"yerin"
2021-08-09,249,"whitemoney"
2021-08-09,540,"maria"
2021-08-09,318,"pere"
2021-08-09,37,"niyi"
2021-08-09,629,"angel"
2021-08-09,169,"arin"
2021-08-09,81,"boma"
2021-08-09,75,"beatrice"
2021-08-09,285,"cross"
2021-08-09,243,"emmanuel"
2021-08-09,120,"jackie"
2021-08-09,514,"liquorose"
2021-08-09,56,"jaypaul"
2021-08-09,110,"nini"
2021-08-09,26,"peace"
2021-08-09,28,"princess"
2021-08-09,95,"saga"
2021-08-09,62,"sammie"
2021-08-09,31,"saskay"
2021-08-09,30,"tega"
2021-08-09,58,"yerin"
2021-08-09,260,"whitemoney"
2021-08-09,462,"maria"
2021-08-09,225,"pere"
2021-08-09,28,"niyi"
2021-08-09,295,"angel"
2021-08-09,95,"arin"
2021-08-09,105,"boma"
2021-08-09,64,"beatrice"
2021-08-09,186,"cross"
2021-08-09,148,"emmanuel"
2021-08-09,105,"jackie"
2021-08-09,485,"liquorose"
2021-08-09,17,"jaypaul"
2021-08-09,120,"nini"
2021-08-09,27,"peace"
2021-08-09,22,"princess"
2021-08-09,96,"saga"
2021-08-09,44,"sammie"
2021-08-09,26,"saskay"
2021-08-09,34,"tega"
2021-08-09,44,"yerin"
2021-08-09,273,"whitemoney"
2021-08-09,475,"maria"
2021-08-09,241,"pere"
2021-08-09,10,"niyi"
2021-08-09,260,"angel"
2021-08-09,73,"arin"
2021-08-09,123,"boma"
2021-08-09,38,"beatrice"
2021-08-09,136,"cross"
2021-08-09,169,"emmanuel"
2021-08-09,116,"jackie"
2021-08-09,556,"liquorose"
2021-08-09,16,"jaypaul"
2021-08-09,98,"nini"
2021-08-09,21,"peace"
2021-08-09,16,"princess"
2021-08-09,95,"saga"
2021-08-09,38,"sammie"
2021-08-09,20,"saskay"
2021-08-09,55,"tega"
2021-08-09,23,"yerin"
2021-08-09,215,"whitemoney"
2021-08-09,518,"maria"
2021-08-09,290,"pere"
2021-08-09,12,"niyi"
2021-08-09,187,"angel"
2021-08-09,139,"arin"
2021-08-09,380,"boma"
2021-08-09,32,"beatrice"
2021-08-09,239,"cross"
2021-08-09,143,"emmanuel"
2021-08-09,322,"jackie"
2021-08-09,578,"liquorose"
2021-08-09,15,"jaypaul"
2021-08-09,87,"nini"
2021-08-09,91,"peace"
2021-08-09,16,"princess"
2021-08-09,51,"saga"
2021-08-09,41,"sammie"
2021-08-09,21,"saskay"
2021-08-09,29,"tega"
2021-08-09,20,"yerin"
2021-08-09,204,"whitemoney"
2021-08-09,556,"maria"
2021-08-09,234,"pere"
2021-08-09,11,"niyi"
2021-08-09,232,"angel"
2021-08-09,214,"arin"
2021-08-09,391,"boma"
2021-08-09,61,"beatrice"
2021-08-09,270,"cross"
2021-08-09,126,"emmanuel"
2021-08-09,486,"jackie"
2021-08-09,487,"liquorose"
2021-08-09,18,"jaypaul"
2021-08-09,143,"nini"
2021-08-09,171,"peace"
2021-08-09,14,"princess"
2021-08-09,180,"saga"
2021-08-09,50,"sammie"
2021-08-09,80,"saskay"
2021-08-09,24,"tega"
2021-08-09,31,"yerin"
2021-08-09,309,"whitemoney"
2021-08-09,668,"maria"
2021-08-09,494,"pere"
2021-08-09,16,"niyi"
2021-08-09,366,"angel"
2021-08-09,191,"arin"
2021-08-09,307,"boma"
2021-08-09,47,"beatrice"
2021-08-09,193,"cross"
2021-08-09,174,"emmanuel"
2021-08-09,204,"jackie"
2021-08-09,374,"liquorose"
2021-08-09,17,"jaypaul"
2021-08-09,102,"nini"
2021-08-09,67,"peace"
2021-08-09,19,"princess"
2021-08-09,79,"saga"
2021-08-09,77,"sammie"
2021-08-09,45,"saskay"
2021-08-09,12,"tega"
2021-08-09,26,"yerin"
2021-08-09,320,"whitemoney"
2021-08-09,603,"maria"
2021-08-09,303,"pere"
2021-08-09,10,"niyi"
2021-08-09,451,"angel"
2021-08-09,150,"arin"
2021-08-09,209,"boma"
2021-08-09,40,"beatrice"
2021-08-09,206,"cross"
2021-08-09,179,"emmanuel"
2021-08-09,610,"jackie"
2021-08-09,402,"liquorose"
2021-08-09,15,"jaypaul"
2021-08-09,113,"nini"
2021-08-09,54,"peace"
2021-08-09,27,"princess"
2021-08-09,108,"saga"
2021-08-09,31,"sammie"
2021-08-09,48,"saskay"
2021-08-09,13,"tega"
2021-08-09,15,"yerin"
2021-08-09,240,"whitemoney"
2021-08-09,703,"maria"
2021-08-09,254,"pere"
2021-08-09,11,"niyi"
2021-08-09,632,"angel"
2021-08-09,125,"arin"
2021-08-09,148,"boma"
2021-08-09,34,"beatrice"
2021-08-09,384,"cross"
2021-08-09,211,"emmanuel"
2021-08-09,475,"jackie"
2021-08-09,503,"liquorose"
2021-08-09,22,"jaypaul"
2021-08-09,203,"nini"
2021-08-09,35,"peace"
2021-08-09,59,"princess"
2021-08-09,174,"saga"
2021-08-09,101,"sammie"
2021-08-09,109,"saskay"
2021-08-09,18,"tega"
2021-08-09,22,"yerin"
2021-08-09,712,"whitemoney"
2021-08-09,705,"maria"
2021-08-09,234,"pere"
2021-08-09,8,"niyi"
2021-08-09,885,"angel"
2021-08-09,223,"arin"
2021-08-09,129,"boma"
2021-08-09,33,"beatrice"
2021-08-09,641,"cross"
2021-08-09,112,"emmanuel"
2021-08-09,128,"jackie"
2021-08-09,326,"liquorose"
2021-08-09,13,"jaypaul"
2021-08-09,239,"nini"
2021-08-09,147,"peace"
2021-08-09,36,"princess"
2021-08-09,141,"saga"
2021-08-09,820,"sammie"
2021-08-09,210,"saskay"
2021-08-09,20,"tega"
2021-08-09,19,"yerin"
2021-08-09,1091,"whitemoney"
2021-08-09,893,"maria"
2021-08-09,197,"pere"
2021-08-09,14,"niyi"
2021-08-09,249,"angel"
2021-08-09,249,"arin"
2021-08-09,105,"boma"
2021-08-09,61,"beatrice"
2021-08-09,409,"cross"
2021-08-09,185,"emmanuel"
2021-08-09,139,"jackie"
2021-08-09,411,"liquorose"
2021-08-09,13,"jaypaul"
2021-08-09,231,"nini"
2021-08-09,115,"peace"
2021-08-09,37,"princess"
2021-08-09,231,"saga"
2021-08-09,118,"sammie"
2021-08-09,86,"saskay"
2021-08-09,26,"tega"
2021-08-09,23,"yerin"
2021-08-09,832,"whitemoney"
2021-08-09,660,"maria"
2021-08-09,180,"pere"
2021-08-09,6,"niyi"
2021-08-09,206,"angel"
2021-08-09,185,"arin"
2021-08-09,118,"boma"
2021-08-09,41,"beatrice"
2021-08-09,316,"cross"
2021-08-09,224,"emmanuel"
2021-08-09,164,"jackie"
2021-08-09,483,"liquorose"
2021-08-09,35,"jaypaul"
2021-08-09,322,"nini"
2021-08-09,54,"peace"
2021-08-09,62,"princess"
2021-08-09,237,"saga"
2021-08-09,142,"sammie"
2021-08-09,111,"saskay"
2021-08-09,75,"tega"
2021-08-09,22,"yerin"
2021-08-09,282,"whitemoney"
2021-08-09,1686,"maria"
2021-08-09,2562,"pere"
2021-08-09,4,"niyi"
2021-08-09,459,"angel"
2021-08-09,204,"arin"
2021-08-09,189,"boma"
2021-08-09,15,"beatrice"
2021-08-09,189,"cross"
2021-08-09,123,"emmanuel"
2021-08-09,49,"jackie"
2021-08-09,439,"liquorose"
2021-08-09,9,"jaypaul"
2021-08-09,100,"nini"
2021-08-09,109,"peace"
2021-08-09,45,"princess"
2021-08-09,78,"saga"
2021-08-09,35,"sammie"
2021-08-09,173,"saskay"
2021-08-09,81,"tega"
2021-08-09,5,"yerin"
2021-08-09,420,"whitemoney"
2021-08-09,708,"maria"
2021-08-09,1104,"pere"
2021-08-09,5,"niyi"
2021-08-09,1175,"angel"
2021-08-09,1319,"arin"
2021-08-09,185,"boma"
2021-08-09,13,"beatrice"
2021-08-09,221,"cross"
2021-08-09,1275,"emmanuel"
2021-08-09,116,"jackie"
2021-08-09,393,"liquorose"
2021-08-09,77,"jaypaul"
2021-08-09,718,"nini"
2021-08-09,482,"peace"
2021-08-09,1051,"princess"
2021-08-09,831,"saga"
2021-08-09,97,"sammie"
2021-08-09,1071,"saskay"
2021-08-09,1081,"tega"
2021-08-09,9,"yerin"
2021-08-09,295,"whitemoney"
2021-08-09,551,"maria"
2021-08-09,366,"pere"
2021-08-09,13,"niyi"
2021-08-09,182,"angel"
2021-08-09,389,"arin"
2021-08-09,160,"boma"
2021-08-09,15,"beatrice"
2021-08-09,104,"cross"
2021-08-09,614,"emmanuel"
2021-08-09,61,"jackie"
2021-08-09,378,"liquorose"
2021-08-09,174,"jaypaul"
2021-08-09,418,"nini"
2021-08-09,31,"peace"
2021-08-09,135,"princess"
2021-08-09,157,"saga"
2021-08-09,26,"sammie"
2021-08-09,557,"saskay"
2021-08-09,362,"tega"
2021-08-09,18,"yerin"
2021-08-09,499,"whitemoney"
2021-08-09,512,"maria"
2021-08-09,392,"pere"
2021-08-09,8,"niyi"
2021-08-09,217,"angel"
2021-08-09,658,"arin"
2021-08-09,213,"boma"
2021-08-09,24,"beatrice"
2021-08-09,235,"cross"
2021-08-09,829,"emmanuel"
2021-08-09,68,"jackie"
2021-08-09,511,"liquorose"
2021-08-09,262,"jaypaul"
2021-08-09,422,"nini"
2021-08-09,38,"peace"
2021-08-09,84,"princess"
2021-08-09,147,"saga"
2021-08-09,44,"sammie"
2021-08-09,342,"saskay"
2021-08-09,286,"tega"
2021-08-09,9,"yerin"
2021-08-09,644,"whitemoney"
2021-08-09,676,"maria"
2021-08-09,598,"pere"
2021-08-09,14,"niyi"
2021-08-09,385,"angel"
2021-08-09,414,"arin"
2021-08-09,165,"boma"
2021-08-09,41,"beatrice"
2021-08-09,201,"cross"
2021-08-09,365,"emmanuel"
2021-08-09,38,"jackie"
2021-08-09,368,"liquorose"
2021-08-09,111,"jaypaul"
2021-08-09,333,"nini"
2021-08-09,35,"peace"
2021-08-09,86,"princess"
2021-08-09,175,"saga"
2021-08-09,148,"sammie"
2021-08-09,212,"saskay"
2021-08-09,231,"tega"
2021-08-09,10,"yerin"
2021-08-09,1013,"whitemoney"
2021-08-09,673,"maria"
2021-08-09,549,"pere"
2021-08-09,3,"niyi"
2021-08-09,217,"angel"
2021-08-09,282,"arin"
2021-08-09,219,"boma"
2021-08-09,63,"beatrice"
2021-08-09,136,"cross"
2021-08-09,334,"emmanuel"
2021-08-09,36,"jackie"
2021-08-09,322,"liquorose"
2021-08-09,33,"jaypaul"
2021-08-09,213,"nini"
2021-08-09,63,"peace"
2021-08-09,83,"princess"
2021-08-09,79,"saga"
2021-08-09,64,"sammie"
2021-08-09,148,"saskay"
2021-08-09,254,"tega"
2021-08-09,13,"yerin"
2021-08-09,364,"whitemoney"
2021-08-10,220,"whitemoney"
2021-08-09,330,"maria"
2021-08-10,272,"maria"
2021-08-09,232,"pere"
2021-08-10,140,"pere"
2021-08-10,1,"niyi"
2021-08-09,77,"angel"
2021-08-10,509,"angel"
2021-08-09,143,"arin"
2021-08-10,181,"arin"
2021-08-09,125,"boma"
2021-08-10,76,"boma"
2021-08-09,16,"beatrice"
2021-08-10,17,"beatrice"
2021-08-09,43,"cross"
2021-08-10,167,"cross"
2021-08-09,247,"emmanuel"
2021-08-10,199,"emmanuel"
2021-08-09,21,"jackie"
2021-08-10,43,"jackie"
2021-08-09,276,"liquorose"
2021-08-10,231,"liquorose"
2021-08-09,27,"jaypaul"
2021-08-10,30,"jaypaul"
2021-08-09,129,"nini"
2021-08-10,131,"nini"
2021-08-09,37,"peace"
2021-08-10,41,"peace"
2021-08-09,78,"princess"
2021-08-10,37,"princess"
2021-08-09,36,"saga"
2021-08-10,91,"saga"
2021-08-09,27,"sammie"
2021-08-10,428,"sammie"
2021-08-09,88,"saskay"
2021-08-10,113,"saskay"
2021-08-09,261,"tega"
2021-08-10,136,"tega"
2021-08-09,8,"yerin"
2021-08-10,13,"yerin"
2021-08-10,380,"whitemoney"
2021-08-10,252,"maria"
2021-08-10,208,"pere"
2021-08-10,5,"niyi"
2021-08-10,1970,"angel"
2021-08-10,765,"arin"
2021-08-10,290,"boma"
2021-08-10,15,"beatrice"
2021-08-10,599,"cross"
2021-08-10,264,"emmanuel"
2021-08-10,438,"jackie"
2021-08-10,334,"liquorose"
2021-08-10,19,"jaypaul"
2021-08-10,181,"nini"
2021-08-10,176,"peace"
2021-08-10,45,"princess"
2021-08-10,122,"saga"
2021-08-10,1512,"sammie"
2021-08-10,77,"saskay"
2021-08-10,361,"tega"
2021-08-10,13,"yerin"
2021-08-10,296,"whitemoney"
2021-08-10,218,"maria"
2021-08-10,194,"pere"
2021-08-10,5,"niyi"
2021-08-10,1769,"angel"
2021-08-10,709,"arin"
2021-08-10,251,"boma"
2021-08-10,14,"beatrice"
2021-08-10,820,"cross"
2021-08-10,416,"emmanuel"
2021-08-10,432,"jackie"
2021-08-10,417,"liquorose"
2021-08-10,14,"jaypaul"
2021-08-10,175,"nini"
2021-08-10,162,"peace"
2021-08-10,32,"princess"
2021-08-10,70,"saga"
2021-08-10,1187,"sammie"
2021-08-10,66,"saskay"
2021-08-10,291,"tega"
2021-08-10,11,"yerin"
2021-08-10,281,"whitemoney"
2021-08-10,239,"maria"
2021-08-10,213,"pere"
2021-08-10,5,"niyi"
2021-08-10,1615,"angel"
2021-08-10,690,"arin"
2021-08-10,260,"boma"
2021-08-10,13,"beatrice"
2021-08-10,805,"cross"
2021-08-10,475,"emmanuel"
2021-08-10,432,"jackie"
2021-08-10,438,"liquorose"
2021-08-10,17,"jaypaul"
2021-08-10,178,"nini"
2021-08-10,128,"peace"
2021-08-10,32,"princess"
2021-08-10,67,"saga"
2021-08-10,1007,"sammie"
2021-08-10,76,"saskay"
2021-08-10,285,"tega"
2021-08-10,11,"yerin"
2021-08-10,275,"whitemoney"
2021-08-10,267,"maria"
2021-08-10,217,"pere"
2021-08-10,5,"niyi"
2021-08-10,1527,"angel"
2021-08-10,652,"arin"
2021-08-10,261,"boma"
2021-08-10,12,"beatrice"
2021-08-10,812,"cross"
2021-08-10,498,"emmanuel"
2021-08-10,406,"jackie"
2021-08-10,439,"liquorose"
2021-08-10,20,"jaypaul"
2021-08-10,181,"nini"
2021-08-10,128,"peace"
2021-08-10,40,"princess"
2021-08-10,65,"saga"
2021-08-10,905,"sammie"
2021-08-10,81,"saskay"
2021-08-10,238,"tega"
2021-08-10,13,"yerin"
2021-08-10,254,"whitemoney"
2021-08-10,291,"maria"
2021-08-10,229,"pere"
2021-08-10,6,"niyi"
2021-08-10,1272,"angel"
2021-08-10,563,"arin"
2021-08-10,249,"boma"
2021-08-10,7,"beatrice"
2021-08-10,728,"cross"
2021-08-10,555,"emmanuel"
2021-08-10,293,"jackie"
2021-08-10,499,"liquorose"
2021-08-10,17,"jaypaul"
2021-08-10,210,"nini"
2021-08-10,88,"peace"
2021-08-10,45,"princess"
2021-08-10,74,"saga"
2021-08-10,700,"sammie"
2021-08-10,102,"saskay"
2021-08-10,133,"tega"
2021-08-10,15,"yerin"
2021-08-10,289,"whitemoney"
2021-08-10,352,"maria"
2021-08-10,206,"pere"
2021-08-10,1,"niyi"
2021-08-10,919,"angel"
2021-08-10,223,"arin"
2021-08-10,107,"boma"
2021-08-10,5,"beatrice"
2021-08-10,424,"cross"
2021-08-10,532,"emmanuel"
2021-08-10,109,"jackie"
2021-08-10,476,"liquorose"
2021-08-10,28,"jaypaul"
2021-08-10,222,"nini"
2021-08-10,69,"peace"
2021-08-10,45,"princess"
2021-08-10,74,"saga"
2021-08-10,568,"sammie"
2021-08-10,127,"saskay"
2021-08-10,134,"tega"
2021-08-10,12,"yerin"
2021-08-10,481,"whitemoney"
2021-08-10,351,"maria"
2021-08-10,495,"pere"
2021-08-10,2,"niyi"
2021-08-10,740,"angel"
2021-08-10,151,"arin"
2021-08-10,58,"boma"
2021-08-10,19,"beatrice"
2021-08-10,118,"cross"
2021-08-10,261,"emmanuel"
2021-08-10,76,"jackie"
2021-08-10,343,"liquorose"
2021-08-10,20,"jaypaul"
2021-08-10,185,"nini"
2021-08-10,58,"peace"
2021-08-10,29,"princess"
2021-08-10,53,"saga"
2021-08-10,540,"sammie"
2021-08-10,193,"saskay"
2021-08-10,114,"tega"
2021-08-10,22,"yerin"
2021-08-10,516,"whitemoney"
2021-08-10,345,"maria"
2021-08-10,487,"pere"
2021-08-10,2,"niyi"
2021-08-10,723,"angel"
2021-08-10,208,"arin"
2021-08-10,117,"boma"
2021-08-10,12,"beatrice"
2021-08-10,127,"cross"
2021-08-10,247,"emmanuel"
2021-08-10,81,"jackie"
2021-08-10,323,"liquorose"
2021-08-10,15,"jaypaul"
2021-08-10,184,"nini"
2021-08-10,67,"peace"
2021-08-10,24,"princess"
2021-08-10,36,"saga"
2021-08-10,525,"sammie"
2021-08-10,156,"saskay"
2021-08-10,72,"tega"
2021-08-10,20,"yerin"
2021-08-10,499,"whitemoney"
2021-08-10,848,"maria"
2021-08-10,996,"pere"
2021-08-10,3,"niyi"
2021-08-10,407,"angel"
2021-08-10,149,"arin"
2021-08-10,176,"boma"
2021-08-10,13,"beatrice"
2021-08-10,142,"cross"
2021-08-10,170,"emmanuel"
2021-08-10,79,"jackie"
2021-08-10,258,"liquorose"
2021-08-10,12,"jaypaul"
2021-08-10,82,"nini"
2021-08-10,53,"peace"
2021-08-10,26,"princess"
2021-08-10,74,"saga"
2021-08-10,243,"sammie"
2021-08-10,200,"saskay"
2021-08-10,62,"tega"
2021-08-10,15,"yerin"
2021-08-10,525,"whitemoney"
2021-08-10,540,"maria"
2021-08-10,580,"pere"
2021-08-10,17,"niyi"
2021-08-10,374,"angel"
2021-08-10,205,"arin"
2021-08-10,238,"boma"
2021-08-10,26,"beatrice"
2021-08-10,101,"cross"
2021-08-10,257,"emmanuel"
2021-08-10,104,"jackie"
2021-08-10,369,"liquorose"
2021-08-10,48,"jaypaul"
2021-08-10,147,"nini"
2021-08-10,67,"peace"
2021-08-10,51,"princess"
2021-08-10,106,"saga"
2021-08-10,200,"sammie"
2021-08-10,236,"saskay"
2021-08-10,84,"tega"
2021-08-10,27,"yerin"
2021-08-10,544,"whitemoney"
2021-08-10,410,"maria"
2021-08-10,538,"pere"
2021-08-10,13,"niyi"
2021-08-10,285,"angel"
2021-08-10,167,"arin"
2021-08-10,186,"boma"
2021-08-10,30,"beatrice"
2021-08-10,78,"cross"
2021-08-10,181,"emmanuel"
2021-08-10,105,"jackie"
2021-08-10,563,"liquorose"
2021-08-10,20,"jaypaul"
2021-08-10,132,"nini"
2021-08-10,155,"peace"
2021-08-10,21,"princess"
2021-08-10,119,"saga"
2021-08-10,150,"sammie"
2021-08-10,145,"saskay"
2021-08-10,46,"tega"
2021-08-10,24,"yerin"
