"date","n"
2021-06-29,40
2021-06-30,4
2021-07-17,1
2021-07-19,2
2021-07-24,65
NA,14
2021-07-17,1
2021-07-19,2
2021-07-24,354
NA,14
2021-07-17,1
2021-07-19,2
2021-07-24,354
NA,14
2021-07-17,1
2021-07-19,2
2021-07-24,628
NA,16
2021-07-17,1
2021-07-19,2
2021-07-24,1012
NA,17
2021-07-17,1
2021-07-19,2
2021-07-24,1162
NA,17
2021-07-17,1
2021-07-19,2
2021-07-24,1162
NA,17
2021-07-17,1
2021-07-19,2
2021-07-24,1419
NA,292
2021-07-17,1
2021-07-19,2
2021-07-24,1491
NA,360
2021-07-17,1
2021-07-19,2
2021-07-24,1559
NA,555
2021-07-25,133
2021-07-25,205
2021-07-25,278
2021-07-25,404
NA,196
2021-07-25,543
NA,197
2021-07-25,601
NA,197
2021-07-25,649
NA,197
2021-07-25,712
NA,197
2021-07-25,751
NA,197
2021-07-25,865
NA,198
2021-07-25,923
NA,200
2021-07-25,980
NA,201
2021-07-25,1056
NA,201
2021-07-25,1118
NA,201
2021-07-25,1265
NA,201
<<<<<<< HEAD
2021-07-25,226
2021-07-25,226
=======
2021-07-25,1361
NA,272
>>>>>>> 75b8ea1112bf86c74c6831fb27867113166175ab
2021-07-25,116
2021-07-25,143
2021-07-25,143
2021-07-25,128
2021-07-25,283
2021-07-25,259
2021-07-25,370
2021-07-25,290
2021-07-25,183
2021-07-25,166
2021-07-25,139
2021-07-25,131
2021-07-25,122
2021-07-25,122
2021-07-25,134
2021-07-25,144
2021-07-25,264
2021-07-25,124
2021-07-25,128
2021-07-25,157
2021-07-25,305
2021-07-25,542
2021-07-25,690
2021-07-25,778
2021-07-25,550
2021-07-25,586
2021-07-25,530
2021-07-25,547
2021-07-25,331
2021-07-25,556
2021-07-25,302
2021-07-25,302
2021-07-25,293
2021-07-25,525
2021-07-25,525
2021-07-25,385
2021-07-25,431
2021-07-25,341
2021-07-26,353
2021-07-26,158
2021-07-26,106
2021-07-26,109
2021-07-26,113
2021-07-26,113
2021-07-26,96
2021-07-26,100
2021-07-26,120
2021-07-26,118
2021-07-26,115
2021-07-26,130
2021-07-26,487
2021-07-26,136
2021-07-26,119
2021-07-26,151
2021-07-26,131
2021-07-26,147
2021-07-26,159
2021-07-26,145
2021-07-26,144
2021-07-26,178
2021-07-26,178
2021-07-26,177
2021-07-26,190
2021-07-26,171
2021-07-26,194
2021-07-26,193
2021-07-26,171
2021-07-26,312
2021-07-26,226
2021-07-26,394
2021-07-26,164
2021-07-26,168
2021-07-26,242
2021-07-26,193
2021-07-26,303
2021-07-26,161
2021-07-26,367
2021-07-26,340
2021-07-26,167
2021-07-26,178
2021-07-26,316
2021-07-26,316
2021-07-26,311
2021-07-26,139
2021-07-26,127
2021-07-27,119
2021-07-27,152
2021-07-27,161
2021-07-27,97
2021-07-27,92
2021-07-27,104
2021-07-27,99
2021-07-27,94
2021-07-27,94
2021-07-27,116
2021-07-27,106
2021-07-27,92
2021-07-27,93
2021-07-27,104
2021-07-27,514
2021-07-27,109
2021-07-27,130
2021-07-27,273
2021-07-27,140
2021-07-27,126
2021-07-27,182
2021-07-27,146
2021-07-27,146
2021-07-27,380
2021-07-27,170
2021-07-27,296
2021-07-27,287
2021-07-27,135
2021-07-27,167
2021-07-27,3420
2021-07-27,6240
2021-07-27,5906
2021-07-27,5162
2021-07-27,4710
2021-07-27,4797
2021-07-27,5160
2021-07-27,5431
2021-07-27,5583
2021-07-27,5798
2021-07-27,5706
2021-07-27,5562
2021-07-27,5471
2021-07-27,5419
2021-07-27,5395
2021-07-27,5385
2021-07-27,5622
2021-07-27,5941
2021-07-27,6354
2021-07-27,6425
2021-07-27,6035
2021-07-27,5795
2021-07-27,5592
2021-07-27,5415
2021-07-27,5429
2021-07-27,5519
2021-07-28,5737
2021-07-28,6536
2021-07-28,6812
2021-07-28,6810
2021-07-28,6832
2021-07-28,6728
2021-07-28,6707
2021-07-28,6577
2021-07-28,6531
2021-07-28,6495
2021-07-28,6421
2021-07-28,6371
2021-07-28,6328
2021-07-28,6243
2021-07-28,6082
2021-07-28,5983
2021-07-28,5802
2021-07-28,5566
2021-07-28,5347
2021-07-28,5240
2021-07-28,4878
2021-07-28,4352
2021-07-28,4041
2021-07-28,3979
2021-07-28,4083
2021-07-28,4411
2021-07-28,4493
2021-07-28,4641
2021-07-28,4512
2021-07-28,4432
2021-07-28,4383
2021-07-28,4411
2021-07-28,4367
2021-07-28,4389
2021-07-28,5108
2021-07-28,5258
2021-07-28,5380
2021-07-28,5306
2021-07-28,5104
2021-07-28,4954
2021-07-28,4938
2021-07-28,4953
2021-07-28,5042
2021-07-28,5166
2021-07-28,5231
2021-07-28,5840
2021-07-28,5728
2021-07-28,5662
2021-07-28,5601
2021-07-28,5482
2021-07-28,5510
2021-07-28,5432
2021-07-28,5330
2021-07-28,5235
2021-07-28,5309
2021-07-28,5407
2021-07-28,5642
2021-07-28,5860
2021-07-28,5996
2021-07-28,6226
2021-07-28,6179
2021-07-28,6123
2021-07-28,6178
2021-07-28,6153
2021-07-28,6175
2021-07-28,6385
2021-07-28,6384
2021-07-28,6428
2021-07-28,6421
2021-07-28,6412
2021-07-29,6580
2021-07-29,6636
2021-07-29,6512
2021-07-29,6523
2021-07-29,6526
2021-07-29,6527
2021-07-29,6506
2021-07-29,6595
2021-07-29,6566
2021-07-29,6557
2021-07-29,6545
2021-07-29,6513
2021-07-29,6499
2021-07-29,6476
2021-07-29,6337
2021-07-29,6136
2021-07-29,6129
2021-07-29,5704
2021-07-29,5527
2021-07-29,5371
2021-07-29,5127
2021-07-29,4692
2021-07-29,4338
2021-07-29,4287
2021-07-29,4272
2021-07-29,4362
2021-07-29,5492
2021-07-29,6092
2021-07-29,6444
2021-07-29,6477
2021-07-29,6441
2021-07-29,6353
2021-07-29,6279
2021-07-29,6259
2021-07-29,6225
2021-07-30,5962
2021-07-30,5907
2021-07-30,5876
2021-07-30,5922
2021-07-30,5967
2021-07-30,5978
2021-07-30,5970
2021-07-30,5969
2021-07-30,5960
2021-07-30,5913
2021-07-30,5852
2021-07-30,5810
2021-07-30,5722
2021-07-30,5703
2021-07-30,5655
2021-07-30,5652
2021-07-30,5580
2021-07-30,5523
2021-07-30,5513
2021-07-30,5416
2021-07-30,5384
2021-07-30,5291
2021-07-30,4994
2021-07-30,4407
2021-07-30,4251
2021-07-30,4005
2021-07-30,3864
2021-07-30,3920
2021-07-30,4037
2021-07-30,4067
2021-07-30,4093
2021-07-30,4208
2021-07-30,4408
2021-07-30,4483
2021-07-30,4819
2021-07-30,5223
2021-07-30,5508
2021-07-30,5540
2021-07-30,5533
2021-07-30,5488
2021-07-30,5569
2021-07-30,5412
2021-07-30,5362
2021-07-30,5277
2021-07-30,5136
2021-07-30,5167
2021-07-30,5242
2021-07-30,5449
2021-07-30,5335
2021-07-30,5073
2021-07-30,5030
2021-07-30,4922
2021-07-30,6476
2021-07-30,6667
2021-07-30,6098
2021-07-30,5757
2021-07-30,6469
2021-07-30,5935
2021-07-30,4596
2021-07-30,4885
2021-07-30,5081
2021-07-30,6104
2021-07-30,6423
2021-07-30,6515
2021-07-30,6445
2021-07-30,6724
2021-07-30,6947
2021-07-30,7080
2021-07-30,6969
2021-07-30,6860
2021-07-30,6438
2021-07-30,6087
2021-07-30,6054
2021-07-31,5603
2021-07-31,5814
2021-07-31,6171
2021-07-31,6407
2021-07-31,6453
2021-07-31,6500
2021-07-31,6605
2021-07-31,6646
2021-07-31,6658
2021-07-31,6652
2021-07-31,6631
2021-07-31,6597
2021-07-31,6586
2021-07-31,6503
2021-07-31,6462
2021-07-31,6423
2021-07-31,6377
2021-07-31,6190
2021-07-31,5829
2021-07-31,5644
2021-07-31,5273
2021-07-31,5189
2021-07-31,4863
2021-07-31,4436
2021-07-31,4027
2021-07-31,3927
2021-07-31,3664
2021-07-31,3569
2021-07-31,3666
2021-07-31,4233
2021-07-31,4600
2021-07-31,4680
2021-07-31,4820
2021-07-31,4967
2021-07-31,4994
2021-07-31,4972
2021-07-31,4922
2021-07-31,5023
2021-07-31,5669
2021-07-31,5722
2021-07-31,5775
2021-07-31,5775
2021-07-31,5689
2021-07-31,5711
2021-07-31,5700
2021-07-31,5709
2021-07-31,5604
2021-07-31,5570
2021-07-31,5677
2021-07-31,5660
2021-07-31,6423
2021-07-31,6779
2021-07-31,6447
2021-07-31,6378
2021-07-31,6367
2021-07-31,6202
2021-07-31,5709
2021-07-31,5481
2021-07-31,5475
2021-07-31,5575
2021-07-31,5566
2021-07-31,5459
2021-07-31,5919
2021-07-31,6044
2021-07-31,6473
2021-07-31,7248
2021-07-31,6797
2021-07-31,6538
2021-07-31,6184
2021-07-31,5824
2021-07-31,5152
2021-07-31,5217
2021-07-31,5437
2021-07-31,5201
2021-07-31,6372
2021-07-31,6450
2021-08-01,4722
2021-08-01,5794
2021-08-01,6320
2021-08-01,6355
2021-08-01,6456
2021-08-01,6440
2021-08-01,6418
2021-08-01,6396
2021-08-01,6324
2021-08-01,6145
2021-08-01,6003
2021-08-01,5939
2021-08-01,5797
2021-08-01,5709
2021-08-01,5332
2021-08-01,4931
2021-08-01,4529
2021-08-01,4411
2021-08-01,4157
2021-08-01,4014
2021-08-01,3693
2021-08-01,3426
2021-08-01,3433
2021-08-01,3473
2021-08-01,3451
2021-08-01,3574
2021-08-01,3583
2021-08-01,3684
2021-08-01,3873
2021-08-01,4147
2021-08-01,4636
2021-08-01,5206
2021-08-01,6220
2021-08-01,6982
2021-08-01,6666
2021-08-01,6075
2021-08-01,5772
2021-08-01,6514
2021-08-01,5256
2021-08-01,5724
2021-08-01,7090
2021-08-02,5987
2021-08-02,5676
2021-08-02,5790
2021-08-02,5830
2021-08-02,5762
2021-08-02,5668
2021-08-02,5418
2021-08-02,4998
2021-08-02,4086
2021-08-02,4440
2021-08-02,4832
2021-08-02,5098
2021-08-02,4902
2021-08-02,5469
2021-08-02,5748
2021-08-02,5267
2021-08-02,4742
2021-08-02,4626
2021-08-02,7632
2021-08-02,5009
2021-08-02,4178
2021-08-02,4198
2021-08-02,4170
2021-08-02,4449
2021-08-02,5105
2021-08-03,3660
2021-08-03,3819
2021-08-03,4066
2021-08-03,4642
2021-08-03,5439
2021-08-03,5920
2021-08-03,5767
2021-08-03,5736
2021-08-03,5068
2021-08-03,4958
2021-08-03,4528
2021-08-03,4700
2021-08-03,5414
2021-08-03,5568
2021-08-03,5847
2021-08-03,5659
2021-08-04,5355
2021-08-04,5994
2021-08-04,5909
2021-08-04,5826
2021-08-04,5751
2021-08-04,5466
2021-08-04,4975
2021-08-04,3787
2021-08-04,3716
2021-08-04,4413
2021-08-04,5712
2021-08-04,6612
2021-08-04,5684
2021-08-04,5989
2021-08-04,5643
2021-08-04,5179
2021-08-04,4585
2021-08-04,3964
2021-08-04,4198
2021-08-04,5853
2021-08-04,5065
2021-08-04,4844
2021-08-04,4989
2021-08-05,5313
2021-08-05,5348
2021-08-05,5351
2021-08-05,5334
2021-08-05,5273
2021-08-05,5273
2021-08-05,4938
2021-08-05,4106
2021-08-05,3958
2021-08-05,4041
2021-08-05,4982
2021-08-05,4728
2021-08-05,4301
2021-08-05,4401
2021-08-05,4617
2021-08-05,5373
2021-08-05,5023
2021-08-05,4667
2021-08-05,4449
2021-08-05,4796
2021-08-05,4829
2021-08-05,5253
2021-08-05,5759
2021-08-06,7454
2021-08-06,7444
2021-08-06,7084
2021-08-06,6525
2021-08-06,6239
2021-08-06,5506
2021-08-06,4195
2021-08-06,4853
2021-08-06,5291
2021-08-06,5798
2021-08-06,7037
2021-08-06,6214
2021-08-06,6055
2021-08-06,5567
2021-08-06,5510
2021-08-06,5823
2021-08-06,5411
2021-08-06,5860
2021-08-06,4993
2021-08-06,5109
2021-08-06,7457
2021-08-06,6824
2021-08-07,6900
2021-08-07,6895
2021-08-07,6638
2021-08-07,6479
2021-08-07,6268
2021-08-07,6123
2021-08-07,5909
2021-08-07,5297
2021-08-07,4236
2021-08-07,4087
2021-08-07,4509
2021-08-07,4548
2021-08-07,4760
2021-08-07,5563
2021-08-07,6746
2021-08-07,5473
2021-08-07,5255
2021-08-07,5600
2021-08-07,5515
2021-08-07,5016
2021-08-07,4826
2021-08-07,7054
2021-08-07,6904
2021-08-07,6730
2021-08-08,6133
2021-08-08,5968
2021-08-08,5906
2021-08-08,5815
2021-08-08,5613
2021-08-08,5285
2021-08-08,4533
2021-08-08,4032
2021-08-08,4048
2021-08-08,4136
2021-08-08,4383
2021-08-08,4710
2021-08-08,4996
2021-08-08,5401
2021-08-08,5744
2021-08-08,7349
2021-08-08,6722
2021-08-08,8608
2021-08-08,8006
2021-08-08,6349
2021-08-08,4780
2021-08-08,4893
2021-08-08,5879
2021-08-09,7233
2021-08-09,7160
2021-08-09,6640
2021-08-09,6352
2021-08-09,5985
2021-08-09,5136
2021-08-09,4340
2021-08-09,3498
2021-08-09,3474
2021-08-09,4030
2021-08-09,4517
2021-08-09,4372
2021-08-09,4863
2021-08-09,5130
2021-08-09,5414
2021-08-09,4943
2021-08-09,5055
2021-08-09,6567
2021-08-09,7846
2021-08-09,4635
2021-08-09,5488
2021-08-09,5450
2021-08-09,5520
2021-08-10,5595
2021-08-10,7572
2021-08-10,7230
2021-08-10,6912
2021-08-10,6655
2021-08-10,5931
2021-08-10,4777
2021-08-10,4179
2021-08-10,4395
2021-08-10,4587
2021-08-10,4578
2021-08-10,4523
2021-08-10,5001
2021-08-10,5851
2021-08-10,5731
2021-08-10,4989
2021-08-10,4711
2021-08-10,5187
2021-08-10,7368
2021-08-10,5022
2021-08-11,6301
2021-08-11,5318
2021-08-11,5324
2021-08-11,5222
2021-08-11,5072
2021-08-11,4816
2021-08-11,4523
2021-08-11,3783
2021-08-11,3722
2021-08-11,4898
2021-08-11,4149
2021-08-11,4432
2021-08-11,3866
2021-08-11,4405
2021-08-11,5365
2021-08-11,4828
2021-08-11,4544
2021-08-11,6712
2021-08-11,4812
2021-08-12,3767
2021-08-12,3445
2021-08-12,3667
2021-08-12,3673
2021-08-12,4056
2021-08-12,4008
2021-08-12,4098
2021-08-12,4554
2021-08-12,4733
2021-08-12,4391
2021-08-12,3474
2021-08-12,4265
2021-08-12,4890
2021-08-12,4618
2021-08-12,4969
2021-08-12,5271
2021-08-12,4115
2021-08-13,6905
2021-08-13,6906
2021-08-13,6686
2021-08-13,6257
2021-08-13,5916
2021-08-13,5421
2021-08-13,4593
2021-08-13,3839
2021-08-13,3819
2021-08-13,4174
2021-08-13,4463
2021-08-13,5004
2021-08-13,5380
2021-08-13,7374
2021-08-13,5641
2021-08-13,5384
2021-08-13,6019
2021-08-13,6654
2021-08-13,6369
2021-08-13,7126
2021-08-13,5824
2021-08-13,6778
2021-08-13,6093
2021-08-14,5173
2021-08-14,6401
2021-08-14,6569
2021-08-14,6537
2021-08-14,6345
2021-08-14,6128
2021-08-14,5509
2021-08-14,4961
2021-08-14,4161
2021-08-14,4020
2021-08-14,4073
2021-08-14,4149
2021-08-14,5519
2021-08-14,4993
2021-08-14,4469
2021-08-14,3905
2021-08-14,5466
2021-08-14,4167
2021-08-14,4546
2021-08-14,4401
2021-08-14,4894
2021-08-14,5961
2021-08-14,7457
2021-08-14,7313
2021-08-15,6566
2021-08-15,5822
2021-08-15,5498
2021-08-15,5648
2021-08-15,5674
2021-08-15,5590
2021-08-15,5360
2021-08-15,4969
2021-08-15,4534
2021-08-15,4080
2021-08-15,3925
2021-08-15,3835
2021-08-15,4390
2021-08-15,4859
2021-08-15,4860
2021-08-15,4460
2021-08-15,4901
2021-08-15,4917
2021-08-15,6163
2021-08-15,5855
2021-08-15,4714
2021-08-15,4656
2021-08-15,4559
2021-08-15,4552
2021-08-16,5339
2021-08-16,5636
2021-08-16,5626
2021-08-16,5610
2021-08-16,5623
2021-08-16,5567
2021-08-16,5357
2021-08-16,4700
2021-08-16,3979
2021-08-16,3864
2021-08-16,4097
2021-08-16,4189
2021-08-16,4670
2021-08-16,4907
2021-08-16,4595
2021-08-16,5291
2021-08-16,4270
2021-08-16,4237
2021-08-16,5944
2021-08-16,6677
2021-08-16,3668
2021-08-16,3571
2021-08-16,4371
2021-08-16,4613
2021-08-16,5693
2021-08-16,5297
2021-08-17,6279
2021-08-17,6956
2021-08-17,7512
2021-08-17,6602
2021-08-17,6772
2021-08-17,6815
2021-08-17,5732
2021-08-17,4983
2021-08-17,4671
2021-08-17,4377
2021-08-17,4091
2021-08-17,3898
2021-08-17,3793
2021-08-17,3565
2021-08-17,3702
2021-08-17,3545
2021-08-17,3426
2021-08-17,3805
2021-08-17,3996
2021-08-17,3868
2021-08-17,3756
2021-08-17,3771
2021-08-17,4221
2021-08-17,4493
2021-08-17,4392
2021-08-17,5483
2021-08-17,6294
2021-08-17,5085
2021-08-17,4634
2021-08-17,4522
2021-08-17,4263
2021-08-17,4398
2021-08-17,4138
2021-08-17,4025
2021-08-17,4024
2021-08-17,4231
2021-08-17,4495
2021-08-17,4516
2021-08-17,6055
2021-08-17,4054
2021-08-17,3308
2021-08-17,3836
2021-08-17,4916
2021-08-17,3819
2021-08-17,4156
2021-08-18,5228
2021-08-18,6003
2021-08-18,6311
2021-08-18,6330
2021-08-18,6258
2021-08-18,6198
2021-08-18,6102
2021-08-18,6034
2021-08-18,5999
2021-08-18,5762
2021-08-18,5457
2021-08-18,5116
2021-08-18,4896
2021-08-18,4425
2021-08-18,3910
2021-08-18,3867
2021-08-18,3833
2021-08-18,3852
2021-08-18,3897
2021-08-18,4192
2021-08-18,5698
2021-08-18,4906
2021-08-18,4539
2021-08-18,4238
2021-08-18,4398
2021-08-18,4632
2021-08-18,4611
2021-08-18,4443
2021-08-18,4314
2021-08-18,4177
2021-08-18,4165
2021-08-18,4074
2021-08-18,3960
2021-08-18,4079
2021-08-18,4959
2021-08-18,5385
2021-08-18,5594
2021-08-18,5370
2021-08-18,5325
2021-08-18,5116
2021-08-18,4735
2021-08-18,5262
2021-08-18,6010
2021-08-18,5887
2021-08-18,5804
2021-08-18,5969
2021-08-19,6221
2021-08-19,5921
2021-08-19,5660
2021-08-19,5500
2021-08-19,5404
2021-08-19,5328
2021-08-19,5249
2021-08-19,5101
2021-08-19,5050
2021-08-19,4943
2021-08-19,4732
2021-08-19,4445
2021-08-19,4288
2021-08-19,4184
2021-08-19,4196
2021-08-19,4183
2021-08-19,4166
2021-08-19,4143
2021-08-19,4221
2021-08-19,4414
2021-08-19,4657
2021-08-19,4896
2021-08-19,4610
2021-08-19,4537
2021-08-19,4380
2021-08-19,4577
2021-08-19,4973
2021-08-19,5597
2021-08-19,5256
2021-08-19,4753
2021-08-19,4331
2021-08-19,4538
2021-08-19,4931
2021-08-19,5044
2021-08-19,4837
2021-08-19,4424
2021-08-19,4366
2021-08-19,5712
2021-08-19,6193
2021-08-19,4414
2021-08-19,4000
2021-08-19,4394
2021-08-19,5411
2021-08-19,6131
2021-08-19,6446
2021-08-20,6307
2021-08-20,6636
2021-08-20,6877
2021-08-20,7125
2021-08-20,7094
2021-08-20,6926
2021-08-20,6725
2021-08-20,6490
2021-08-20,6430
2021-08-20,6327
2021-08-20,6023
2021-08-20,5415
2021-08-20,5076
2021-08-20,4702
2021-08-20,4024
2021-08-20,3679
2021-08-20,3581
2021-08-20,3674
2021-08-20,3954
2021-08-20,4025
2021-08-20,3947
2021-08-20,3818
2021-08-20,4020
2021-08-20,4284
2021-08-20,4212
2021-08-20,4341
2021-08-20,4448
2021-08-20,4731
2021-08-20,5108
2021-08-20,5228
2021-08-20,4887
2021-08-20,4710
2021-08-20,3989
2021-08-20,3757
2021-08-20,4070
2021-08-20,4680
2021-08-20,4871
2021-08-20,4833
2021-08-20,6020
2021-08-20,5462
2021-08-20,4945
2021-08-20,5005
2021-08-20,5378
2021-08-20,6726
2021-08-20,7250
2021-08-20,7574
2021-08-21,7093
2021-08-21,6701
2021-08-21,6643
2021-08-21,6601
2021-08-21,6477
2021-08-21,6428
2021-08-21,6293
2021-08-21,6220
2021-08-21,6116
2021-08-21,5903
2021-08-21,5682
2021-08-21,5435
2021-08-21,5187
2021-08-21,4724
2021-08-21,4299
2021-08-21,4286
2021-08-21,4179
2021-08-21,4152
2021-08-21,4077
2021-08-21,4055
2021-08-21,3947
2021-08-21,4034
2021-08-21,4128
2021-08-21,4099
2021-08-21,4162
2021-08-21,4238
2021-08-21,4370
2021-08-21,4331
2021-08-21,4288
2021-08-21,4006
2021-08-21,4418
2021-08-21,5627
2021-08-21,5575
2021-08-21,4534
2021-08-21,4649
2021-08-21,4476
2021-08-21,4140
2021-08-21,3517
2021-08-21,4183
2021-08-21,4922
2021-08-21,5052
2021-08-21,5812
2021-08-21,6122
2021-08-21,5887
2021-08-21,5297
2021-08-22,5522
2021-08-22,6216
2021-08-22,6284
2021-08-22,6380
2021-08-22,6444
2021-08-22,6472
2021-08-22,6679
2021-08-22,6644
2021-08-22,6617
2021-08-22,6504
2021-08-22,6326
2021-08-22,6094
2021-08-22,5849
2021-08-22,5657
2021-08-22,5283
2021-08-22,4900
2021-08-22,4731
2021-08-22,4706
2021-08-22,4649
2021-08-22,4523
2021-08-22,4404
2021-08-22,4332
2021-08-22,4924
2021-08-22,5307
2021-08-22,5117
2021-08-22,4945
2021-08-22,4308
2021-08-22,4159
2021-08-22,4350
2021-08-22,4898
2021-08-22,5549
2021-08-22,5229
2021-08-22,4825
2021-08-22,4976
2021-08-22,5837
2021-08-22,7007
2021-08-22,5879
2021-08-22,5162
2021-08-22,5634
2021-08-22,5192
2021-08-22,5059
2021-08-22,5690
2021-08-22,5470
2021-08-22,5310
2021-08-22,5351
2021-08-23,6108
2021-08-23,6606
2021-08-23,6671
2021-08-23,6617
2021-08-23,6564
2021-08-23,6504
2021-08-23,6374
2021-08-23,6255
2021-08-23,6135
2021-08-23,5968
2021-08-23,5537
2021-08-23,5082
2021-08-23,4749
2021-08-23,4420
2021-08-23,4067
2021-08-23,3992
2021-08-23,3922
2021-08-23,3934
2021-08-23,4076
2021-08-23,4374
2021-08-23,4396
2021-08-23,4402
2021-08-23,4839
2021-08-23,5032
2021-08-23,4767
2021-08-23,4482
2021-08-23,4177
2021-08-23,4105
2021-08-23,4260
2021-08-23,4273
2021-08-23,4248
2021-08-23,4176
2021-08-23,4408
2021-08-23,4895
2021-08-23,6399
2021-08-23,4442
2021-08-23,5204
2021-08-23,8156
2021-08-23,7684
2021-08-23,5176
2021-08-23,4603
2021-08-23,4757
2021-08-23,4481
2021-08-23,4460
2021-08-23,4203
2021-08-23,4240
2021-08-24,4315
2021-08-24,4645
2021-08-24,4933
2021-08-24,5226
2021-08-24,5345
2021-08-24,5282
2021-08-24,5244
2021-08-24,5159
2021-08-24,5158
2021-08-24,5117
2021-08-24,5099
2021-08-24,4787
2021-08-24,4461
2021-08-24,4335
2021-08-24,4211
2021-08-24,4093
2021-08-24,4064
2021-08-24,3998
2021-08-24,3896
2021-08-24,4030
2021-08-24,4035
2021-08-24,4892
2021-08-24,6272
2021-08-24,4980
2021-08-24,4980
2021-08-24,4987
2021-08-24,5009
2021-08-24,5044
2021-08-24,4848
2021-08-24,4366
2021-08-24,4166
2021-08-24,4272
2021-08-24,4171
2021-08-24,4075
2021-08-24,3876
2021-08-24,3788
2021-08-24,5156
2021-08-24,4810
2021-08-24,4626
2021-08-24,4422
2021-08-24,4483
2021-08-24,4550
2021-08-24,4827
2021-08-24,5309
2021-08-24,5565
2021-08-25,5656
2021-08-25,5512
2021-08-25,5358
2021-08-25,5319
2021-08-25,5303
2021-08-25,5209
2021-08-25,5076
2021-08-25,4873
2021-08-25,4795
2021-08-25,4743
2021-08-25,4621
2021-08-25,4514
2021-08-25,4346
2021-08-25,4173
2021-08-25,4128
2021-08-25,3925
2021-08-25,3999
2021-08-25,4192
2021-08-25,4375
2021-08-25,4375
2021-08-25,4635
2021-08-25,4910
2021-08-25,5016
2021-08-25,5056
2021-08-25,5111
2021-08-25,4960
2021-08-25,5035
2021-08-25,4908
2021-08-25,4760
2021-08-25,4500
2021-08-25,4445
2021-08-25,4250
2021-08-25,4434
2021-08-25,4724
2021-08-25,5158
2021-08-25,4892
2021-08-25,4482
2021-08-25,4603
2021-08-25,6797
2021-08-25,7029
2021-08-25,6647
2021-08-25,4423
2021-08-25,4531
2021-08-25,4421
2021-08-25,4770
2021-08-25,4888
2021-08-26,4909
2021-08-26,4951
2021-08-26,4988
2021-08-26,4975
2021-08-26,4955
2021-08-26,4908
2021-08-26,4888
2021-08-26,4845
2021-08-26,4792
2021-08-26,4742
2021-08-26,4603
2021-08-26,4462
2021-08-26,4385
2021-08-26,4159
2021-08-26,3859
2021-08-26,3862
2021-08-26,3747
2021-08-26,3728
2021-08-26,4123
2021-08-26,4529
2021-08-26,4398
2021-08-26,4696
2021-08-26,5091
2021-08-26,4498
2021-08-26,4430
2021-08-26,4499
2021-08-26,5159
2021-08-26,5528
2021-08-26,5265
2021-08-26,4732
2021-08-26,4348
2021-08-26,4337
2021-08-26,4426
2021-08-26,4425
2021-08-26,4327
2021-08-26,4198
2021-08-26,3931
2021-08-26,3753
2021-08-26,3922
2021-08-26,4469
2021-08-26,6105
2021-08-26,5022
2021-08-26,4390
2021-08-26,4865
2021-08-26,5182
2021-08-26,5305
2021-08-27,5628
2021-08-27,5842
2021-08-27,5812
2021-08-27,5766
2021-08-27,5766
2021-08-27,5750
2021-08-27,5720
2021-08-27,5629
2021-08-27,5558
2021-08-27,5509
2021-08-27,5404
2021-08-27,5217
2021-08-27,5080
2021-08-27,4852
2021-08-27,4195
2021-08-27,3871
2021-08-27,3801
2021-08-27,4361
2021-08-27,4345
2021-08-27,3888
2021-08-27,4584
2021-08-27,5685
2021-08-27,5489
2021-08-27,4626
2021-08-27,4863
2021-08-27,5097
2021-08-27,4852
2021-08-27,4410
2021-08-27,4455
2021-08-27,4866
2021-08-27,4570
2021-08-27,4297
2021-08-27,4361
2021-08-27,4547
2021-08-27,4460
2021-08-27,4524
2021-08-27,5196
2021-08-27,4746
2021-08-27,4406
2021-08-27,4273
2021-08-27,4550
2021-08-27,4811
2021-08-27,5274
2021-08-27,6091
2021-08-27,6911
2021-08-28,6629
2021-08-28,6477
2021-08-28,6301
2021-08-28,6410
2021-08-28,6372
2021-08-28,6270
2021-08-28,6170
2021-08-28,6035
2021-08-28,5937
2021-08-28,5789
2021-08-28,5643
2021-08-28,5557
2021-08-28,5273
2021-08-28,4923
2021-08-28,4270
2021-08-28,3988
2021-08-28,3856
2021-08-28,3781
2021-08-28,3779
2021-08-28,3562
2021-08-28,3604
2021-08-28,3689
2021-08-28,3750
2021-08-28,3655
2021-08-28,3733
2021-08-28,3643
2021-08-28,3882
2021-08-28,4755
2021-08-28,5632
2021-08-28,5165
2021-08-28,4377
2021-08-28,4810
2021-08-28,5196
2021-08-28,5249
2021-08-28,4766
2021-08-28,4518
2021-08-28,4474
2021-08-28,5305
2021-08-28,4183
2021-08-28,4343
2021-08-28,4962
2021-08-28,5061
2021-08-28,5822
2021-08-28,6273
2021-08-28,6957
2021-08-28,6754
2021-08-29,5531
2021-08-29,6489
2021-08-29,6019
2021-08-29,6024
2021-08-29,5959
2021-08-29,5885
2021-08-29,5691
2021-08-29,5500
2021-08-29,5362
2021-08-29,5127
2021-08-29,4694
2021-08-29,4335
2021-08-29,4198
2021-08-29,4074
2021-08-29,3843
2021-08-29,3867
2021-08-29,3930
2021-08-29,3930
2021-08-29,3948
2021-08-29,4026
2021-08-29,3880
2021-08-29,3885
2021-08-29,3919
2021-08-29,3728
2021-08-29,3750
2021-08-29,3743
2021-08-29,4040
2021-08-29,4281
2021-08-29,4371
2021-08-29,4539
2021-08-29,4634
2021-08-29,4660
2021-08-29,4764
2021-08-29,4758
2021-08-29,5369
2021-08-29,6934
2021-08-29,5458
2021-08-29,4349
2021-08-29,4344
2021-08-29,4257
2021-08-29,4114
2021-08-29,4184
2021-08-29,4248
2021-08-29,4370
2021-08-29,4388
2021-08-30,4529
2021-08-30,4842
2021-08-30,4875
2021-08-30,4880
2021-08-30,4859
2021-08-30,4824
2021-08-30,4795
2021-08-30,4736
2021-08-30,4685
2021-08-30,4689
2021-08-30,4564
2021-08-30,4342
2021-08-30,4003
2021-08-30,3684
2021-08-30,3481
2021-08-30,3422
2021-08-30,3521
2021-08-30,3692
2021-08-30,3863
2021-08-30,3940
2021-08-30,3902
2021-08-30,3795
2021-08-30,3841
2021-08-30,4129
2021-08-30,3941
2021-08-30,3551
2021-08-30,3494
2021-08-30,3929
2021-08-30,4231
2021-08-30,4461
2021-08-30,4375
2021-08-30,4033
2021-08-30,5154
2021-08-30,6594
2021-08-30,6708
2021-08-30,5346
2021-08-30,4592
2021-08-30,4746
2021-08-30,4297
2021-08-30,4227
2021-08-30,4098
2021-08-30,4162
2021-08-30,5289
2021-08-30,5026
2021-08-30,4924
2021-08-30,4789
2021-08-31,4732
2021-08-31,5343
2021-08-31,5380
2021-08-31,5425
2021-08-31,5457
2021-08-31,5457
2021-08-31,5441
2021-08-31,5372
2021-08-31,5315
2021-08-31,5178
2021-08-31,5032
2021-08-31,4712
2021-08-31,4298
2021-08-31,3996
2021-08-31,3805
2021-08-31,3747
2021-08-31,3836
2021-08-31,3927
2021-08-31,4245
2021-08-31,4290
2021-08-31,4239
2021-08-31,4159
2021-08-31,4495
2021-08-31,4578
2021-08-31,4303
2021-08-31,4293
2021-08-31,4286
2021-08-31,4465
2021-08-31,4572
2021-08-31,4535
2021-08-31,4088
2021-08-31,4082
2021-08-31,4142
2021-08-31,4158
2021-08-31,3977
2021-08-31,4009
2021-08-31,4096
2021-08-31,4329
2021-08-31,4706
2021-08-31,4099
2021-08-31,4064
2021-08-31,4319
2021-08-31,4601
2021-08-31,4307
2021-08-31,4481
2021-09-01,4742
2021-09-01,5094
2021-09-01,5094
2021-09-01,5091
2021-09-01,5061
2021-09-01,4950
2021-09-01,4898
2021-09-01,4859
2021-09-01,4777
2021-09-01,4723
2021-09-01,4633
2021-09-01,4361
2021-09-01,4195
2021-09-01,4010
2021-09-01,3762
2021-09-01,3552
2021-09-01,3529
2021-09-01,3655
2021-09-01,3975
2021-09-01,3939
2021-09-01,3986
2021-09-01,3925
2021-09-01,4075
2021-09-01,4084
2021-09-01,3973
2021-09-01,3911
2021-09-01,3651
2021-09-01,3737
2021-09-01,3726
2021-09-01,3828
2021-09-01,3880
2021-09-01,4725
2021-09-01,4878
2021-09-01,5017
2021-09-01,4587
2021-09-01,4236
2021-09-01,3786
2021-09-01,4275
2021-09-01,4836
2021-09-01,4655
2021-09-01,4300
2021-09-01,4389
2021-09-01,4960
2021-09-01,5286
2021-09-01,5130
2021-09-02,4562
2021-09-02,5554
2021-09-02,5839
2021-09-02,6022
2021-09-02,6285
2021-09-02,6406
2021-09-02,6452
2021-09-02,6446
2021-09-02,6461
2021-09-02,6497
2021-09-02,6373
2021-09-02,5932
2021-09-02,5403
2021-09-02,4746
2021-09-02,4001
2021-09-02,3675
2021-09-02,3786
2021-09-02,3784
2021-09-02,3804
2021-09-02,3873
2021-09-02,3850
2021-09-02,3904
2021-09-02,4129
2021-09-02,4214
2021-09-02,4202
2021-09-02,4122
2021-09-02,3960
2021-09-02,4147
2021-09-02,4345
2021-09-02,4664
2021-09-02,4221
2021-09-02,3664
2021-09-02,3766
2021-09-02,5671
2021-09-02,5653
2021-09-02,4315
2021-09-02,4089
2021-09-02,4555
2021-09-02,5042
2021-09-02,4050
2021-09-02,5160
2021-09-02,5017
2021-09-02,4856
2021-09-02,4578
2021-09-02,4614
2021-09-02,4688
2021-09-03,4723
2021-09-03,4863
2021-09-03,4857
2021-09-03,4827
2021-09-03,4777
2021-09-03,4738
2021-09-03,4681
2021-09-03,4574
2021-09-03,4526
2021-09-03,4527
2021-09-03,4570
2021-09-03,4458
2021-09-03,4309
2021-09-03,4238
2021-09-03,4139
2021-09-03,4030
2021-09-03,4196
2021-09-03,4339
2021-09-03,4429
2021-09-03,4697
2021-09-03,4353
2021-09-03,4063
2021-09-03,4160
2021-09-03,4525
2021-09-03,4421
2021-09-03,4493
2021-09-03,4595
2021-09-03,4508
2021-09-03,4323
2021-09-03,4057
2021-09-03,4440
2021-09-03,5150
2021-09-03,5024
2021-09-03,4646
2021-09-03,4343
2021-09-03,4003
2021-09-03,3974
2021-09-03,4145
2021-09-03,4901
2021-09-03,5570
2021-09-03,5253
2021-09-03,4650
2021-09-03,5591
2021-09-03,5422
2021-09-03,5709
2021-09-03,6504
2021-09-04,6688
2021-09-04,6452
2021-09-04,6282
2021-09-04,6229
2021-09-04,6147
2021-09-04,6082
2021-09-04,6050
2021-09-04,5922
2021-09-04,5835
2021-09-04,5716
2021-09-04,5506
2021-09-04,5089
2021-09-04,4671
2021-09-04,4252
2021-09-04,3857
2021-09-04,3664
2021-09-04,3575
2021-09-04,3532
2021-09-04,3701
2021-09-04,3905
2021-09-04,3920
2021-09-04,4636
2021-09-04,4512
2021-09-04,4143
2021-09-04,4177
2021-09-04,4427
2021-09-04,4518
2021-09-04,4469
2021-09-04,4719
2021-09-04,5808
2021-09-04,3899
2021-09-04,5593
2021-09-04,5787
2021-09-04,4728
2021-09-04,5209
2021-09-04,5421
2021-09-04,5330
2021-09-04,4122
2021-09-04,4496
2021-09-04,4799
2021-09-04,4671
2021-09-04,4792
2021-09-04,4850
2021-09-04,5728
2021-09-04,5603
2021-09-04,5621
2021-09-05,6669
2021-09-05,6239
2021-09-05,6180
2021-09-05,6125
2021-09-05,6042
2021-09-05,5964
2021-09-05,5806
2021-09-05,5713
2021-09-05,5583
2021-09-05,5318
2021-09-05,5143
2021-09-05,4751
2021-09-05,4447
2021-09-05,4055
2021-09-05,3858
2021-09-05,3859
2021-09-05,3888
2021-09-05,3861
2021-09-05,3860
2021-09-05,3753
2021-09-05,3741
2021-09-05,3677
2021-09-05,3627
2021-09-05,3541
2021-09-05,3584
2021-09-05,3654
2021-09-05,4177
2021-09-05,4194
2021-09-05,4027
2021-09-05,4246
2021-09-05,4553
2021-09-05,3973
2021-09-05,4383
2021-09-05,5107
2021-09-05,6925
2021-09-05,7400
2021-09-05,5771
2021-09-05,4883
2021-09-05,4266
2021-09-05,4205
2021-09-05,4447
2021-09-05,4231
2021-09-05,4265
2021-09-05,4379
2021-09-05,4327
2021-09-05,4076
2021-09-06,3962
2021-09-06,4654
2021-09-06,4658
2021-09-06,4687
2021-09-06,4665
2021-09-06,4599
2021-09-06,4599
2021-09-06,4565
2021-09-06,4567
2021-09-06,4477
2021-09-06,4325
2021-09-06,4156
2021-09-06,3816
2021-09-06,3708
2021-09-06,3585
2021-09-06,3524
2021-09-06,3619
2021-09-06,3547
2021-09-06,3735
2021-09-06,3792
2021-09-06,3805
2021-09-06,3897
2021-09-06,4082
2021-09-06,4330
2021-09-06,4348
2021-09-06,4420
2021-09-06,4306
2021-09-06,3810
2021-09-06,3482
2021-09-06,3554
2021-09-06,4199
2021-09-06,6563
2021-09-06,5334
2021-09-06,5374
2021-09-06,6237
2021-09-06,4804
2021-09-06,4526
2021-09-06,4635
2021-09-06,4814
2021-09-06,4464
2021-09-06,4197
2021-09-06,4314
2021-09-06,4153
2021-09-06,4091
2021-09-06,4145
2021-09-06,4185
2021-09-07,4318
2021-09-07,4656
2021-09-07,4809
2021-09-07,4812
2021-09-07,4826
2021-09-07,4856
2021-09-07,4895
2021-09-07,4840
2021-09-07,4800
2021-09-07,4738
2021-09-07,4628
2021-09-07,4474
2021-09-07,4249
2021-09-07,3976
2021-09-07,3974
2021-09-07,4005
2021-09-07,4083
2021-09-07,3863
2021-09-07,3859
2021-09-07,3884
2021-09-07,3963
2021-09-07,3880
2021-09-07,4027
2021-09-07,4101
2021-09-07,4129
2021-09-07,5142
2021-09-07,5239
2021-09-07,4208
2021-09-07,4084
2021-09-07,4690
2021-09-07,4335
2021-09-07,3589
2021-09-07,3556
2021-09-07,3532
2021-09-07,3705
2021-09-07,4361
2021-09-07,4473
2021-09-07,4123
2021-09-07,4155
2021-09-07,4316
2021-09-07,4435
2021-09-07,4931
2021-09-07,5310
2021-09-07,5196
2021-09-07,4964
2021-09-07,4948
2021-09-08,5450
2021-09-08,5637
2021-09-08,5668
2021-09-08,5643
2021-09-08,5589
2021-09-08,5554
2021-09-08,5504
2021-09-08,5428
2021-09-08,5367
2021-09-08,5233
2021-09-08,4981
2021-09-08,4697
2021-09-08,4402
2021-09-08,4218
2021-09-08,3929
2021-09-08,3703
2021-09-08,3521
2021-09-08,3363
2021-09-08,3557
2021-09-08,3572
2021-09-08,3531
2021-09-08,3790
2021-09-08,3860
2021-09-08,4070
2021-09-08,3843
2021-09-08,3507
2021-09-08,3647
2021-09-08,3809
2021-09-08,3956
2021-09-08,3664
2021-09-08,3629
2021-09-08,3824
2021-09-08,3807
2021-09-08,3770
2021-09-08,3878
2021-09-08,3872
2021-09-08,4099
2021-09-08,4055
2021-09-08,4170
2021-09-08,4115
2021-09-08,4678
2021-09-08,7017
2021-09-08,5714
2021-09-08,4917
2021-09-08,4658
2021-09-08,4795
2021-09-09,5179
2021-09-09,5361
2021-09-09,5291
2021-09-09,5281
2021-09-09,5270
2021-09-09,5267
2021-09-09,5209
2021-09-09,5127
2021-09-09,5102
2021-09-09,5077
2021-09-09,4957
2021-09-09,4885
2021-09-09,4555
2021-09-09,4222
2021-09-09,3884
2021-09-09,3592
2021-09-09,3459
2021-09-09,3493
2021-09-09,3809
2021-09-09,3941
2021-09-09,3877
2021-09-09,3681
2021-09-09,3515
2021-09-09,3960
2021-09-09,4320
2021-09-09,4831
2021-09-09,4927
2021-09-09,4758
2021-09-09,4401
2021-09-09,4216
2021-09-09,4067
2021-09-09,3705
2021-09-09,3610
2021-09-09,3543
2021-09-09,3595
2021-09-09,3778
2021-09-09,3891
2021-09-09,3831
2021-09-09,3822
2021-09-09,3915
2021-09-09,3869
2021-09-09,4121
2021-09-09,4388
2021-09-09,4201
2021-09-09,4073
2021-09-09,4151
2021-09-10,5966
2021-09-10,5195
2021-09-10,4966
2021-09-10,4942
2021-09-10,4917
2021-09-10,4845
2021-09-10,4715
2021-09-10,4566
2021-09-10,4476
2021-09-10,4345
2021-09-10,4080
2021-09-10,3986
2021-09-10,3953
2021-09-10,4380
2021-09-10,4960
2021-09-10,5609
2021-09-10,5312
2021-09-10,5235
2021-09-10,4575
2021-09-10,4405
2021-09-10,4274
2021-09-10,4136
2021-09-10,4181
2021-09-10,4279
2021-09-10,4353
2021-09-10,4714
2021-09-10,5455
2021-09-10,5250
2021-09-10,4725
2021-09-10,4457
2021-09-10,4421
2021-09-10,4515
2021-09-10,4482
2021-09-10,4491
2021-09-10,4200
2021-09-10,4132
2021-09-10,3944
2021-09-10,3783
2021-09-10,3936
2021-09-10,4083
2021-09-10,4336
2021-09-10,4588
2021-09-10,4893
2021-09-10,4703
2021-09-10,4852
2021-09-10,5310
2021-09-11,6127
2021-09-11,6648
2021-09-11,6076
2021-09-11,6115
2021-09-11,6118
2021-09-11,6106
2021-09-11,6060
2021-09-11,5979
2021-09-11,5899
2021-09-11,5766
2021-09-11,5521
2021-09-11,5196
2021-09-11,4840
2021-09-11,4642
2021-09-11,4378
2021-09-11,4195
2021-09-11,4224
2021-09-11,4240
2021-09-11,4289
2021-09-11,4152
2021-09-11,4164
2021-09-11,3979
2021-09-11,3857
2021-09-11,3762
2021-09-11,3582
2021-09-11,3493
2021-09-11,3402
2021-09-11,3555
2021-09-11,3975
2021-09-11,3865
2021-09-11,3991
2021-09-11,3592
2021-09-11,3601
2021-09-11,3658
2021-09-11,3836
2021-09-11,4178
2021-09-11,4119
2021-09-11,4140
2021-09-11,3940
2021-09-11,4022
2021-09-11,4817
2021-09-11,5368
2021-09-11,5113
2021-09-11,5272
2021-09-11,5287
2021-09-11,5773
2021-09-12,6789
2021-09-12,5474
2021-09-12,5362
2021-09-12,5331
2021-09-12,5288
2021-09-12,5235
2021-09-12,5181
2021-09-12,5082
2021-09-12,5030
2021-09-12,4992
2021-09-12,4907
2021-09-12,4781
2021-09-12,4684
2021-09-12,4673
2021-09-12,4597
2021-09-12,4520
2021-09-12,4478
2021-09-12,4451
2021-09-12,4360
2021-09-12,4271
2021-09-12,4164
2021-09-12,3978
2021-09-12,3831
2021-09-12,3709
2021-09-12,3709
2021-09-12,3746
2021-09-12,3796
2021-09-12,3857
2021-09-12,3849
2021-09-12,3834
2021-09-12,3800
2021-09-12,3884
2021-09-12,3929
2021-09-12,3948
2021-09-12,4966
2021-09-12,6547
2021-09-12,6794
2021-09-12,5058
2021-09-12,4688
2021-09-12,4423
2021-09-12,4435
2021-09-12,4583
2021-09-12,4751
2021-09-12,5182
2021-09-12,5256
2021-09-13,5515
2021-09-13,6029
2021-09-13,6013
2021-09-13,6003
2021-09-13,5995
2021-09-13,5974
2021-09-13,5917
2021-09-13,5791
2021-09-13,5733
2021-09-13,5660
2021-09-13,5502
2021-09-13,5206
2021-09-13,4945
2021-09-13,4538
2021-09-13,4274
2021-09-13,4171
2021-09-13,3950
2021-09-13,3980
2021-09-13,3829
2021-09-13,3771
2021-09-13,3741
2021-09-13,4057
2021-09-13,4393
2021-09-13,4308
2021-09-13,4193
2021-09-13,4121
2021-09-13,4010
2021-09-13,3914
2021-09-13,3900
2021-09-13,4279
2021-09-13,6079
2021-09-13,4864
2021-09-13,5279
2021-09-13,7166
2021-09-13,4804
2021-09-13,4149
2021-09-13,4178
2021-09-13,3958
2021-09-13,4054
2021-09-13,3996
2021-09-13,3900
2021-09-13,4190
2021-09-13,4441
2021-09-13,4695
2021-09-13,5428
2021-09-14,5622
2021-09-14,4829
2021-09-14,4742
2021-09-14,4653
2021-09-14,4598
2021-09-14,4550
2021-09-14,4438
2021-09-14,4269
2021-09-14,4206
2021-09-14,4113
2021-09-14,3961
2021-09-14,3817
2021-09-14,3709
2021-09-14,3712
2021-09-14,3693
2021-09-14,3638
2021-09-14,3739
2021-09-14,3759
2021-09-14,3827
2021-09-14,3929
2021-09-14,4123
2021-09-14,4529
2021-09-14,4469
2021-09-14,4154
2021-09-14,4314
2021-09-14,4734
2021-09-14,4974
2021-09-14,5973
2021-09-14,5471
2021-09-14,4539
2021-09-14,4438
2021-09-14,4420
2021-09-14,4195
2021-09-14,3957
2021-09-14,3731
2021-09-14,3791
2021-09-14,4042
2021-09-14,4461
2021-09-14,4527
2021-09-14,4247
2021-09-14,4277
2021-09-14,4843
2021-09-14,4808
2021-09-14,4142
2021-09-14,4331
2021-09-14,4549
2021-09-15,5961
2021-09-15,6342
2021-09-15,6073
2021-09-15,5772
2021-09-15,5460
2021-09-15,5280
2021-09-15,5158
2021-09-15,5011
2021-09-15,4931
2021-09-15,4783
2021-09-15,4521
2021-09-15,4264
2021-09-15,3895
2021-09-15,4016
2021-09-15,5404
2021-09-15,5266
2021-09-15,4591
2021-09-15,5680
2021-09-15,4821
2021-09-15,4180
2021-09-15,4495
2021-09-15,4361
2021-09-15,6569
2021-09-15,5275
2021-09-15,4763
2021-09-15,4401
2021-09-15,3963
2021-09-15,3837
2021-09-15,3892
2021-09-15,3926
2021-09-15,3944
2021-09-15,4029
2021-09-15,4092
2021-09-15,3964
2021-09-15,3787
2021-09-15,3633
2021-09-15,3568
2021-09-15,3616
2021-09-15,3549
2021-09-15,4019
2021-09-15,4321
2021-09-15,4104
2021-09-15,4236
2021-09-15,4596
2021-09-15,4793
2021-09-15,4815
2021-09-16,4799
2021-09-16,4756
2021-09-16,4680
2021-09-16,4620
2021-09-16,4586
2021-09-16,4538
2021-09-16,4451
2021-09-16,4382
2021-09-16,4347
2021-09-16,4283
2021-09-16,4150
2021-09-16,3937
2021-09-16,3696
2021-09-16,3635
2021-09-16,3602
2021-09-16,3917
2021-09-16,4089
2021-09-16,4395
2021-09-16,5481
2021-09-16,5480
2021-09-16,4962
2021-09-16,4569
2021-09-16,4330
2021-09-16,4529
2021-09-16,5742
2021-09-16,5821
2021-09-16,5191
2021-09-16,4772
2021-09-16,4795
2021-09-16,5214
2021-09-16,6912
2021-09-16,4320
2021-09-16,4056
2021-09-16,3810
2021-09-16,3826
2021-09-16,3950
2021-09-16,3985
2021-09-16,3411
2021-09-16,4217
2021-09-16,4699
2021-09-16,4931
2021-09-16,5523
2021-09-16,5342
2021-09-16,6344
2021-09-16,5773
2021-09-16,5502
2021-09-17,4884
2021-09-17,4633
2021-09-17,4529
2021-09-17,4465
2021-09-17,4439
2021-09-17,4385
2021-09-17,4319
2021-09-17,4252
2021-09-17,4233
2021-09-17,4151
2021-09-17,4049
2021-09-17,3927
2021-09-17,3826
2021-09-17,3781
2021-09-17,3816
2021-09-17,3727
2021-09-17,3729
2021-09-17,3612
2021-09-17,3733
2021-09-17,3862
2021-09-17,4075
2021-09-17,4038
2021-09-17,3849
2021-09-17,3718
2021-09-17,3999
2021-09-17,4453
2021-09-17,4045
2021-09-17,3715
2021-09-17,3676
2021-09-17,3770
2021-09-17,3826
2021-09-17,3842
2021-09-17,3860
2021-09-17,3854
2021-09-17,3839
2021-09-17,3886
2021-09-17,4125
2021-09-17,4689
2021-09-17,4541
2021-09-17,4385
2021-09-17,4335
2021-09-17,4249
2021-09-17,4721
2021-09-17,5340
2021-09-17,5680
2021-09-18,5774
2021-09-18,5637
2021-09-18,5650
2021-09-18,5647
2021-09-18,5611
2021-09-18,5594
2021-09-18,5547
2021-09-18,5422
2021-09-18,5339
2021-09-18,5291
2021-09-18,5146
2021-09-18,4860
2021-09-18,4587
2021-09-18,4354
2021-09-18,3838
2021-09-18,3477
2021-09-18,3223
2021-09-18,3092
2021-09-18,2938
2021-09-18,3001
2021-09-18,3099
2021-09-18,3199
2021-09-18,4055
2021-09-18,3460
2021-09-18,3381
2021-09-18,3294
2021-09-18,3182
2021-09-18,3119
2021-09-18,3157
2021-09-18,3348
2021-09-18,3580
2021-09-18,3766
2021-09-18,3824
2021-09-18,4375
2021-09-18,4488
2021-09-18,4199
2021-09-18,3814
2021-09-18,3782
2021-09-18,4619
2021-09-18,4324
2021-09-18,4743
2021-09-18,5176
2021-09-18,5643
2021-09-18,5854
2021-09-18,5678
2021-09-18,5391
2021-09-19,5253
2021-09-19,5657
2021-09-19,5633
2021-09-19,5634
2021-09-19,5600
2021-09-19,5545
2021-09-19,5514
2021-09-19,5407
2021-09-19,5357
2021-09-19,5265
2021-09-19,5160
2021-09-19,5024
2021-09-19,4749
2021-09-19,4542
2021-09-19,4362
2021-09-19,4205
2021-09-19,4152
2021-09-19,4201
2021-09-19,4128
2021-09-19,4158
2021-09-19,4097
2021-09-19,4289
2021-09-19,3855
2021-09-19,3529
2021-09-19,3619
2021-09-19,3653
2021-09-19,3778
2021-09-19,3741
2021-09-19,4187
2021-09-19,5558
2021-09-19,5096
2021-09-19,4366
2021-09-19,4177
2021-09-19,4153
2021-09-19,5153
2021-09-19,6423
2021-09-19,6184
2021-09-19,4666
2021-09-19,4190
2021-09-19,3755
2021-09-19,3723
2021-09-19,3839
2021-09-19,3423
2021-09-19,3449
2021-09-19,3974
2021-09-19,4743
2021-09-20,4921
2021-09-20,4830
2021-09-20,4772
2021-09-20,4716
2021-09-20,4690
2021-09-20,4592
2021-09-20,4477
2021-09-20,4294
2021-09-20,4206
2021-09-20,4134
2021-09-20,4035
2021-09-20,3952
2021-09-20,3718
2021-09-20,3473
2021-09-20,3311
2021-09-20,3421
2021-09-20,3579
2021-09-20,3688
2021-09-20,3510
2021-09-20,3404
2021-09-20,3531
2021-09-20,3867
2021-09-20,3560
2021-09-20,3638
2021-09-20,3561
2021-09-20,3608
2021-09-20,3670
2021-09-20,3705
2021-09-20,3727
2021-09-20,3568
2021-09-20,3462
2021-09-20,3531
2021-09-20,4374
2021-09-20,7096
2021-09-20,8083
2021-09-20,7573
2021-09-20,5020
2021-09-20,4135
2021-09-20,3936
2021-09-20,3821
2021-09-20,3796
2021-09-20,3634
2021-09-20,3599
2021-09-20,3899
2021-09-20,4209
2021-09-21,4231
2021-09-21,4297
2021-09-21,4291
2021-09-21,4299
2021-09-21,4301
2021-09-21,4251
2021-09-21,4224
2021-09-21,4237
2021-09-21,4223
2021-09-21,4133
2021-09-21,4073
2021-09-21,3895
2021-09-21,3776
2021-09-21,3772
2021-09-21,3492
2021-09-21,3464
2021-09-21,3796
2021-09-21,3987
2021-09-21,3895
2021-09-21,3771
2021-09-21,3693
2021-09-21,3936
2021-09-21,4530
2021-09-21,5051
2021-09-21,4818
2021-09-21,5030
2021-09-21,5551
2021-09-21,5435
2021-09-21,4547
2021-09-21,4025
2021-09-21,3783
2021-09-21,3840
2021-09-21,3857
2021-09-21,3903
2021-09-21,4058
2021-09-21,4305
2021-09-21,4600
2021-09-21,4765
2021-09-21,4874
2021-09-21,5546
2021-09-21,5545
2021-09-21,5330
2021-09-21,6498
2021-09-21,5651
2021-09-21,5234
2021-09-21,5163
2021-09-22,7112
2021-09-22,6455
2021-09-22,6358
2021-09-22,6222
2021-09-22,6153
2021-09-22,6058
2021-09-22,5919
2021-09-22,5814
2021-09-22,5737
2021-09-22,5608
2021-09-22,5451
2021-09-22,5183
2021-09-22,4809
2021-09-22,4609
2021-09-22,4729
2021-09-22,5043
2021-09-22,5138
2021-09-22,4740
2021-09-22,4216
2021-09-22,4005
2021-09-22,3899
2021-09-22,3820
2021-09-22,3845
2021-09-22,4822
2021-09-22,5022
2021-09-22,5144
2021-09-22,4318
2021-09-22,4248
2021-09-22,4147
2021-09-22,4132
2021-09-22,4014
2021-09-22,3598
2021-09-22,3505
2021-09-22,3585
2021-09-22,3623
2021-09-22,3352
2021-09-22,3438
2021-09-22,5062
2021-09-22,6387
2021-09-22,5270
2021-09-22,4380
2021-09-22,4259
2021-09-22,4293
2021-09-22,4345
2021-09-22,4487
2021-09-22,4856
2021-09-23,5479
2021-09-23,5783
2021-09-23,5803
2021-09-23,6134
2021-09-23,6353
2021-09-23,6532
2021-09-23,6541
2021-09-23,6437
2021-09-23,6319
2021-09-23,6146
2021-09-23,5915
2021-09-23,5366
2021-09-23,4593
2021-09-23,4112
2021-09-23,3514
2021-09-23,3287
2021-09-23,3528
2021-09-23,3960
2021-09-23,4227
2021-09-23,3993
2021-09-23,3701
